method,workload,failure,repetition,response_time,reliability,service_availability,active_replica_count,network_transfer_volume,replication_transfer_volume,algorithm_decision_time
DPRS,W01,F0,rep-01,3.62924736511998,1.0,0.9835416666666669,490,5334349381632,932007903232,12260.064981999993
DPRS,W01,F0,rep-02,3.62924736511998,1.0,0.9835416666666669,491,5334349381632,935229128704,12591.299049999396
DPRS,W01,F0,rep-03,3.62924736511998,1.0,0.9835416666666669,489,5334349381632,926639194112,12738.592422999782
DPRS,W01,F0,rep-04,3.62924736511998,1.0,0.9835416666666669,489,5334349381632,924491710464,12910.66590400066
DPRS,W01,F0,rep-05,3.62924736511998,1.0,0.9835416666666669,491,5334349381632,935229128704,13033.40919499976
DPRS,W01,F0,rep-06,3.62924736511998,1.0,0.9835416666666669,489,5334349381632,927712935936,13102.59150099937
DPRS,W01,F0,rep-07,3.62924736511998,1.0,0.9835416666666669,490,5334349381632,930934161408,13128.064196000083
DPRS,W01,F0,rep-08,3.62924736511998,1.0,0.9835416666666669,488,5334349381632,924491710464,13186.989198999734
DPRS,W01,F0,rep-09,3.62924736511998,1.0,0.9835416666666669,491,5334349381632,938450354176,13206.498472000032
DPRS,W01,F0,rep-10,3.62924736511998,1.0,0.9835416666666669,490,5334349381632,929860419584,13248.620048998635
DPRS,W01,F0,rep-11,3.62924736511998,1.0,0.9835416666666669,490,5334349381632,933081645056,13192.654244001125
DPRS,W01,F0,rep-12,3.62924736511998,1.0,0.9835416666666669,490,5334349381632,932007903232,13139.323379002917
DPRS,W01,F0,rep-13,3.62924736511998,1.0,0.9835416666666669,491,5334349381632,935229128704,13301.247670004841
DPRS,W01,F0,rep-14,3.62924736511998,1.0,0.9835416666666669,489,5334349381632,924491710464,13123.378176001324
DPRS,W01,F0,rep-15,3.62924736511998,1.0,0.9835416666666669,490,5334349381632,936302870528,13217.2244139972
DPRS,W01,F0,rep-16,3.62924736511998,1.0,0.9835416666666669,490,5334349381632,929860419584,13397.634833997927
DPRS,W01,F0,rep-17,3.62924736511998,1.0,0.9835416666666669,490,5334349381632,929860419584,13248.520389995292
DPRS,W01,F0,rep-18,3.62924736511998,1.0,0.9835416666666669,490,5334349381632,929860419584,13347.026217992607
DPRS,W01,F0,rep-19,3.62924736511998,1.0,0.9835416666666669,490,5334349381632,929860419584,13153.776531002677
DPRS,W01,F0,rep-20,3.62924736511998,1.0,0.9835416666666669,491,5334349381632,936302870528,13456.977452002548
DPRS,W01,F0,rep-21,3.62924736511998,1.0,0.9835416666666669,489,5334349381632,925565452288,13213.01199800655
DPRS,W01,F0,rep-22,3.62924736511998,1.0,0.9835416666666669,490,5334349381632,932007903232,13320.06533900585
DPRS,W01,F0,rep-23,3.62924736511998,1.0,0.9835416666666669,489,5334349381632,928786677760,13153.696809997655
DPRS,W01,F0,rep-24,3.62924736511998,1.0,0.9835416666666669,490,5334349381632,929860419584,13147.663378998914
DPRS,W01,F0,rep-25,3.62924736511998,1.0,0.9835416666666669,490,5334349381632,929860419584,13256.271964006373
DPRS,W01,F0,rep-26,3.62924736511998,1.0,0.9835416666666669,489,5334349381632,932007903232,13234.109665000688
DPRS,W01,F0,rep-27,3.62924736511998,1.0,0.9835416666666669,490,5334349381632,932007903232,13314.241607005897
DPRS,W01,F0,rep-28,3.62924736511998,1.0,0.9835416666666669,489,5334349381632,927712935936,13383.922164001888
DPRS,W01,F0,rep-29,3.62924736511998,1.0,0.9835416666666669,490,5334349381632,932007903232,13415.92778099357
DPRS,W01,F0,rep-30,3.62924736511998,1.0,0.9835416666666669,491,5334349381632,936302870528,13173.857020011383
DPRS,W01,F1,rep-01,3.6260489852187026,0.9791666666666666,0.973125,490,5220532748288,932007903232,13408.855524001865
DPRS,W01,F1,rep-02,3.630618099363384,0.9791666666666666,0.973125,491,5223753973760,935229128704,13300.657606000186
DPRS,W01,F1,rep-03,3.582170014021994,0.9841666666666666,0.9727083333333337,489,5209795330048,926639194112,13014.608524988944
DPRS,W01,F1,rep-04,3.6306180993633834,0.9791666666666666,0.9314583333333334,489,5226975199232,924491710464,13314.433125997311
DPRS,W01,F1,rep-05,3.62924736511998,1.0,0.9835416666666669,491,5334349381632,935229128704,13365.295501985202
DPRS,W01,F1,rep-06,3.62924736511998,1.0,0.9835416666666669,489,5334349381632,927712935936,13058.626282006117
DPRS,W01,F1,rep-07,3.6297042765344476,0.9791666666666666,0.9731250000000002,490,5221606490112,930934161408,13324.451800011957
DPRS,W01,F1,rep-08,3.6306180993633834,0.9791666666666666,0.9314583333333334,488,5226975199232,924491710464,13367.889885001205
DPRS,W01,F1,rep-09,3.62924736511998,1.0,0.9835416666666669,491,5334349381632,938450354176,13446.409638002478
DPRS,W01,F1,rep-10,3.6306180993633834,0.9791666666666666,0.9314583333333334,490,5226975199232,929860419584,13145.762392992765
DPRS,W01,F1,rep-11,3.630618099363384,0.9791666666666666,0.973125,490,5223753973760,933081645056,13158.374203014318
DPRS,W01,F1,rep-12,3.62924736511998,1.0,0.9835416666666669,490,5334349381632,932007903232,13590.333071005261
DPRS,W01,F1,rep-13,3.62924736511998,1.0,0.9835416666666669,491,5334349381632,935229128704,13288.15485301675
DPRS,W01,F1,rep-14,3.5712397847470085,0.9816666666666667,0.9706250000000002,489,5186173009920,924491710464,13281.666645976657
DPRS,W01,F1,rep-15,3.6306180993633834,0.9791666666666666,0.9314583333333334,490,5226975199232,936302870528,13285.098709013255
DPRS,W01,F1,rep-16,3.6297042765344476,0.9791666666666666,0.9731250000000002,490,5221606490112,929860419584,13316.786967004191
DPRS,W01,F1,rep-17,3.62924736511998,1.0,0.9835416666666669,490,5334349381632,929860419584,13327.319513988186
DPRS,W01,F1,rep-18,3.62924736511998,1.0,0.9835416666666669,490,5334349381632,929860419584,13387.762339000801
DPRS,W01,F1,rep-19,3.62924736511998,1.0,0.9835416666666669,490,5334349381632,929860419584,13043.329292976523
DPRS,W01,F1,rep-20,3.6297042765344476,0.9791666666666666,0.9731250000000002,491,5221606490112,936302870528,13388.250207975943
DPRS,W01,F1,rep-21,3.62924736511998,1.0,0.9835416666666669,489,5334349381632,925565452288,13034.706444008407
DPRS,W01,F1,rep-22,3.62924736511998,1.0,0.9835416666666669,490,5334349381632,932007903232,13093.581935992916
DPRS,W01,F1,rep-23,3.6297042765344476,0.9791666666666666,0.9731250000000002,489,5221606490112,928786677760,13458.878173010817
DPRS,W01,F1,rep-24,3.6297042765344476,0.9791666666666666,0.9731250000000002,490,5221606490112,929860419584,13124.411866003356
DPRS,W01,F1,rep-25,3.630618099363384,0.9791666666666666,0.973125,490,5223753973760,929860419584,13519.190551000065
DPRS,W01,F1,rep-26,3.6260489852187026,0.9791666666666666,0.973125,489,5220532748288,932007903232,13491.340398022658
DPRS,W01,F1,rep-27,3.62924736511998,1.0,0.9835416666666669,490,5334349381632,932007903232,13118.57337899437
DPRS,W01,F1,rep-28,3.5788345462623288,0.9783333333333334,0.9439583333333336,489,5180804300800,927712935936,13507.473097991351
DPRS,W01,F1,rep-29,3.62924736511998,1.0,0.9835416666666669,490,5334349381632,932007903232,13168.750483997428
DPRS,W01,F1,rep-30,3.5733320991699187,0.9758333333333333,0.942708333333334,491,5163624431616,936302870528,13132.263530999808
DPRS,W01,F2,rep-01,3.6449733248220877,0.965,0.9597916666666667,490,5155034497024,932007903232,13539.999918990361
DPRS,W01,F2,rep-02,3.6409019571354415,0.9658333333333333,0.9622916666666668,491,5160403206144,935229128704,13202.558921990203
DPRS,W01,F2,rep-03,3.651463992151967,0.965,0.902916666666667,489,5171140624384,926639194112,13184.041741036708
DPRS,W01,F2,rep-04,3.637346870920395,0.9633333333333334,0.9591666666666667,489,5138928369664,924491710464,13151.971156044965
DPRS,W01,F2,rep-05,3.654424759613773,0.9666666666666667,0.9622916666666668,491,5173288108032,935229128704,13247.04542901236
DPRS,W01,F2,rep-06,3.631335196444425,0.96,0.899166666666667,489,5126043467776,927712935936,13224.203589972603
DPRS,W01,F2,rep-07,3.6471956510976464,0.9641666666666666,0.9591666666666667,490,5153960755200,930934161408,13299.049542967623
DPRS,W01,F2,rep-08,3.661071520385522,0.9683333333333334,0.9654166666666667,488,5190467977216,924491710464,13685.362386975612
DPRS,W01,F2,rep-09,3.64460770976357,0.9658333333333333,0.9622916666666668,491,5164698173440,938450354176,13247.582289008278
DPRS,W01,F2,rep-10,3.6306244343569993,0.9616666666666667,0.9566666666666667,490,5130338435072,929860419584,13255.815644970426
DPRS,W01,F2,rep-11,3.6386367957887265,0.9625,0.901041666666667,490,5145370820608,933081645056,13332.938053001271
DPRS,W01,F2,rep-12,3.6483134623916977,0.9658333333333333,0.9622916666666668,490,5162550689792,932007903232,13350.35743003391
DPRS,W01,F2,rep-13,3.6410622405536133,0.9633333333333334,0.9585416666666667,491,5145370820608,935229128704,13332.642422015851
DPRS,W01,F2,rep-14,3.645339571885893,0.9641666666666666,0.902291666666667,489,5160403206144,924491710464,13364.037323039156
DPRS,W01,F2,rep-15,3.6453395718858923,0.9641666666666666,0.902291666666667,490,5160403206144,936302870528,12876.920902994243
DPRS,W01,F2,rep-16,3.641991082961919,0.9633333333333334,0.901666666666667,490,5152887013376,929860419584,13324.19945399488
DPRS,W01,F2,rep-17,3.6259721734211237,0.9616666666666667,0.9566666666666667,490,5124969725952,929860419584,13394.121821005683
DPRS,W01,F2,rep-18,3.625972173421124,0.9616666666666667,0.9566666666666667,490,5124969725952,929860419584,12870.570551020137
DPRS,W01,F2,rep-19,3.6471956510976473,0.9641666666666666,0.902291666666667,490,5162550689792,929860419584,12907.641161016727
DPRS,W01,F2,rep-20,3.6332750570094885,0.9641666666666666,0.9604166666666667,491,5144297078784,936302870528,13490.485791000538
DPRS,W01,F2,rep-21,3.6486822775820187,0.965,0.902916666666667,489,5167919398912,925565452288,13761.016283960998
DPRS,W01,F2,rep-22,3.6300482480069185,0.9608333333333333,0.9560416666666667,490,5121748500480,932007903232,13450.808986033735
DPRS,W01,F2,rep-23,3.645339571885892,0.9641666666666666,0.9572916666666668,489,5153960755200,928786677760,13433.003428008305
DPRS,W01,F2,rep-24,3.6382757133287,0.9633333333333334,0.9591666666666667,490,5140002111488,929860419584,12949.180208992402
DPRS,W01,F2,rep-25,3.6438487677785276,0.9633333333333334,0.901666666666667,490,5155034497024,929860419584,13489.538995972907
DPRS,W01,F2,rep-26,3.628185729665201,0.9608333333333333,0.9541666666666667,489,5117453533184,932007903232,12899.36071801094
DPRS,W01,F2,rep-27,3.6457064525951357,0.9633333333333334,0.9591666666666667,490,5150739529728,932007903232,12883.69051002337
DPRS,W01,F2,rep-28,3.6281857296652027,0.9608333333333333,0.900416666666667,489,5126043467776,927712935936,13489.489910001794
DPRS,W01,F2,rep-29,3.63605917582712,0.9641666666666666,0.9604166666666667,490,5147518304256,932007903232,13533.033339990652
DPRS,W01,F2,rep-30,3.6401333981453092,0.9633333333333334,0.9585416666666667,491,5144297078784,936302870528,13016.13083301163
DPRS,W01,F3,rep-01,3.62924736511998,1.0,0.9835416666666669,490,5334349381632,932007903232,12990.201996022734
DPRS,W01,F3,rep-02,3.62924736511998,1.0,0.9835416666666669,491,5334349381632,935229128704,12976.250181009163
DPRS,W01,F3,rep-03,3.62924736511998,1.0,0.9835416666666669,489,5334349381632,926639194112,12943.012130948773
DPRS,W01,F3,rep-04,3.62924736511998,1.0,0.9835416666666669,489,5334349381632,924491710464,13539.610791009181
DPRS,W01,F3,rep-05,3.62924736511998,1.0,0.9835416666666669,491,5334349381632,935229128704,13648.674487021708
DPRS,W01,F3,rep-06,3.62924736511998,1.0,0.9835416666666669,489,5334349381632,927712935936,13658.372759997292
DPRS,W01,F3,rep-07,3.62924736511998,1.0,0.9835416666666669,490,5334349381632,930934161408,13025.193797977408
DPRS,W01,F3,rep-08,3.62924736511998,1.0,0.9835416666666669,488,5334349381632,924491710464,12989.50480196072
DPRS,W01,F3,rep-09,3.62924736511998,1.0,0.9835416666666669,491,5334349381632,938450354176,13699.743335000676
DPRS,W01,F3,rep-10,3.62924736511998,1.0,0.9835416666666669,490,5334349381632,929860419584,13056.408166088659
DPRS,W01,F3,rep-11,3.62924736511998,1.0,0.9835416666666669,490,5334349381632,933081645056,13056.026057009149
DPRS,W01,F3,rep-12,3.62924736511998,1.0,0.9835416666666669,490,5334349381632,932007903232,13070.555998998316
DPRS,W01,F3,rep-13,3.62924736511998,1.0,0.9835416666666669,491,5334349381632,935229128704,12336.810959041031
DPRS,W01,F3,rep-14,3.62924736511998,1.0,0.9835416666666669,489,5334349381632,924491710464,13086.275037097948
DPRS,W01,F3,rep-15,3.62924736511998,1.0,0.9835416666666669,490,5334349381632,936302870528,13060.985587977484
DPRS,W01,F3,rep-16,3.62924736511998,1.0,0.9835416666666669,490,5334349381632,929860419584,13104.751836024661
DPRS,W01,F3,rep-17,3.62924736511998,1.0,0.9835416666666669,490,5334349381632,929860419584,13796.270981951238
DPRS,W01,F3,rep-18,3.62924736511998,1.0,0.9835416666666669,490,5334349381632,929860419584,13049.05355496885
DPRS,W01,F3,rep-19,3.62924736511998,1.0,0.9835416666666669,490,5334349381632,929860419584,13069.1699490053
DPRS,W01,F3,rep-20,3.62924736511998,1.0,0.9835416666666669,491,5334349381632,936302870528,13787.219699013804
DPRS,W01,F3,rep-21,3.62924736511998,1.0,0.9835416666666669,489,5334349381632,925565452288,13018.198906964244
DPRS,W01,F3,rep-22,3.62924736511998,1.0,0.9835416666666669,490,5334349381632,932007903232,13068.767245014897
DPRS,W01,F3,rep-23,3.62924736511998,1.0,0.9835416666666669,489,5334349381632,928786677760,13863.94169693449
DPRS,W01,F3,rep-24,3.62924736511998,1.0,0.9835416666666669,490,5334349381632,929860419584,13112.553371003742
DPRS,W01,F3,rep-25,3.62924736511998,1.0,0.9835416666666669,490,5334349381632,929860419584,13077.210499897774
DPRS,W01,F3,rep-26,3.62924736511998,1.0,0.9835416666666669,489,5334349381632,932007903232,13048.942123958113
DPRS,W01,F3,rep-27,3.62924736511998,1.0,0.9835416666666669,490,5334349381632,932007903232,13107.370375997561
DPRS,W01,F3,rep-28,3.62924736511998,1.0,0.9835416666666669,489,5334349381632,927712935936,13077.224888998899
DPRS,W01,F3,rep-29,3.62924736511998,1.0,0.9835416666666669,490,5334349381632,932007903232,13119.762512022135
DPRS,W01,F3,rep-30,3.62924736511998,1.0,0.9835416666666669,491,5334349381632,936302870528,12316.908169999806
DPRS,W01,F4,rep-01,3.62924736511998,1.0,0.9835416666666669,490,5334349381632,932007903232,13136.07617305388
DPRS,W01,F4,rep-02,3.4456318320423147,0.945,0.9435416666666667,491,4886599041024,935229128704,13165.341332023672
DPRS,W01,F4,rep-03,3.62924736511998,1.0,0.9835416666666669,489,5334349381632,926639194112,13128.51596411565
DPRS,W01,F4,rep-04,3.62924736511998,1.0,0.9835416666666669,489,5334349381632,924491710464,13074.528656994516
DPRS,W01,F4,rep-05,3.62924736511998,1.0,0.9835416666666669,491,5334349381632,935229128704,14026.722047015937
DPRS,W01,F4,rep-06,3.62924736511998,1.0,0.9835416666666669,489,5334349381632,927712935936,14639.36173707043
DPRS,W01,F4,rep-07,3.4439344999258465,0.9441666666666667,0.9410416666666669,490,4881230331904,930934161408,13998.846946054982
DPRS,W01,F4,rep-08,3.62924736511998,1.0,0.9835416666666669,488,5334349381632,924491710464,13180.66294100936
DPRS,W01,F4,rep-09,3.62924736511998,1.0,0.9835416666666669,491,5334349381632,938450354176,13171.749409972108
DPRS,W01,F4,rep-10,3.6335423324159866,0.9375,0.827291666666667,490,5012226834432,929860419584,13192.737545923592
DPRS,W01,F4,rep-11,3.614803435957277,0.9366666666666666,0.9522916666666668,490,4984309547008,933081645056,12373.598316975404
DPRS,W01,F4,rep-12,3.4961033789439884,0.9375,0.866041666666667,490,4912368844800,932007903232,13190.091085023596
DPRS,W01,F4,rep-13,3.4535390064801943,0.9475,0.9435416666666667,491,4905926393856,935229128704,13217.138008960319
DPRS,W01,F4,rep-14,3.62924736511998,1.0,0.9835416666666669,489,5334349381632,924491710464,13140.543681016425
DPRS,W01,F4,rep-15,3.62924736511998,1.0,0.9835416666666669,490,5334349381632,936302870528,13173.958657920593
DPRS,W01,F4,rep-16,3.6335423324159817,0.9375,0.9522916666666668,490,5002563158016,929860419584,14155.53104904393
DPRS,W01,F4,rep-17,3.62924736511998,1.0,0.9835416666666669,490,5334349381632,929860419584,13276.42121500321
DPRS,W01,F4,rep-18,3.62924736511998,1.0,0.9835416666666669,490,5334349381632,929860419584,13193.48761999936
DPRS,W01,F4,rep-19,3.464230200589457,0.95,0.9485416666666667,490,4928474972160,929860419584,13293.021330060583
DPRS,W01,F4,rep-20,3.4597300211413358,0.9491666666666667,0.9497916666666667,491,4919885037568,936302870528,13187.685836026503
DPRS,W01,F4,rep-21,3.6306790208853132,0.9375,0.9522916666666668,489,4996120707072,925565452288,13253.123024136585
DPRS,W01,F4,rep-22,3.6335423324159817,0.9375,0.9522916666666668,490,5002563158016,932007903232,13234.477258050902
DPRS,W01,F4,rep-23,3.62924736511998,1.0,0.9835416666666669,489,5334349381632,928786677760,13245.144422064186
DPRS,W01,F4,rep-24,3.614803435957277,0.9366666666666666,0.9522916666666668,490,4984309547008,929860419584,14189.016369997262
DPRS,W01,F4,rep-25,3.6335423324159817,0.9375,0.9522916666666668,490,5002563158016,929860419584,13274.928835970059
DPRS,W01,F4,rep-26,3.6306790208853132,0.9375,0.9522916666666668,489,4996120707072,932007903232,13263.280416027555
DPRS,W01,F4,rep-27,3.614803435957277,0.9366666666666666,0.9522916666666668,490,4984309547008,932007903232,12323.203237061534
DPRS,W01,F4,rep-28,3.4670558369684037,0.95,0.9485416666666667,489,4931696197632,927712935936,13341.879436975432
DPRS,W01,F4,rep-29,3.467055836968406,0.95,0.9497916666666667,490,4931696197632,932007903232,13219.76687103961
DPRS,W01,F4,rep-30,3.4410914059523234,0.9441666666666667,0.9460416666666669,491,4878009106432,936302870528,13262.998409009015
DPRS,W02,F0,rep-01,0.16106127359998096,1.0,0.9966435185185186,265,3650722201600,572304392192,9604.341364964057
DPRS,W02,F0,rep-02,0.16106127359998096,1.0,0.9966435185185186,264,3650722201600,564788199424,10548.770888039144
DPRS,W02,F0,rep-03,0.16106127359998096,1.0,0.9966435185185186,264,3650722201600,566935683072,9579.081151074206
DPRS,W02,F0,rep-04,0.16106127359998096,1.0,0.9966435185185186,266,3650722201600,578746843136,9674.902350969205
DPRS,W02,F0,rep-05,0.16106127359998096,1.0,0.9966435185185186,265,3650722201600,573378134016,9675.337114906142
DPRS,W02,F0,rep-06,0.16106127359998096,1.0,0.9966435185185186,265,3650722201600,570156908544,9624.214189057966
DPRS,W02,F0,rep-07,0.16106127359998096,1.0,0.9966435185185186,266,3650722201600,580894326784,9667.789269082277
DPRS,W02,F0,rep-08,0.16106127359998096,1.0,0.9966435185185186,262,3650722201600,551903297536,10632.571193003969
DPRS,W02,F0,rep-09,0.16106127359998096,1.0,0.9966435185185186,263,3650722201600,558345748480,9520.062213137862
DPRS,W02,F0,rep-10,0.16106127359998096,1.0,0.9966435185185186,266,3650722201600,578746843136,10664.283125035581
DPRS,W02,F0,rep-11,0.16106127359998096,1.0,0.9966435185185186,265,3650722201600,572304392192,10647.347618949425
DPRS,W02,F0,rep-12,0.16106127359998096,1.0,0.9966435185185186,263,3650722201600,557272006656,9659.124895042623
DPRS,W02,F0,rep-13,0.16106127359998096,1.0,0.9966435185185186,266,3650722201600,576599359488,11054.465673973027
DPRS,W02,F0,rep-14,0.16106127359998096,1.0,0.9966435185185186,267,3650722201600,585189294080,10724.617415158718
DPRS,W02,F0,rep-15,0.16106127359998096,1.0,0.9966435185185186,262,3650722201600,550829555712,9535.452050804452
DPRS,W02,F0,rep-16,0.16106127359998096,1.0,0.9966435185185186,265,3650722201600,572304392192,10741.768728948955
DPRS,W02,F0,rep-17,0.16106127359998096,1.0,0.9966435185185186,265,3650722201600,573378134016,9654.735545009316
DPRS,W02,F0,rep-18,0.16106127359998096,1.0,0.9966435185185186,265,3650722201600,572304392192,9637.329759141721
DPRS,W02,F0,rep-19,0.16106127359998096,1.0,0.9966435185185186,267,3650722201600,587336777728,11232.468475864152
DPRS,W02,F0,rep-20,0.16106127359998096,1.0,0.9966435185185186,266,3650722201600,578746843136,9719.509308051784
DPRS,W02,F0,rep-21,0.16106127359998096,1.0,0.9966435185185186,261,3650722201600,543313362944,9522.779054022976
DPRS,W02,F0,rep-22,0.16106127359998096,1.0,0.9966435185185186,264,3650722201600,564788199424,9597.115819982719
DPRS,W02,F0,rep-23,0.16106127359998096,1.0,0.9966435185185186,264,3650722201600,563714457600,10803.31803799345
DPRS,W02,F0,rep-24,0.16106127359998096,1.0,0.9966435185185186,266,3650722201600,576599359488,10816.534517085529
DPRS,W02,F0,rep-25,0.16106127359998096,1.0,0.9966435185185186,267,3650722201600,585189294080,9681.57854394667
DPRS,W02,F0,rep-26,0.16106127359998096,1.0,0.9966435185185186,259,3650722201600,542239621120,10698.78804795735
DPRS,W02,F0,rep-27,0.16106127359998096,1.0,0.9966435185185186,263,3650722201600,559419490304,9594.443217902153
DPRS,W02,F0,rep-28,0.16106127359998096,1.0,0.9966435185185186,262,3650722201600,552977039360,9610.046129062539
DPRS,W02,F0,rep-29,0.16106127359998096,1.0,0.9966435185185186,265,3650722201600,573378134016,9628.730372045538
DPRS,W02,F0,rep-30,0.16106127359998096,1.0,0.9966435185185186,265,3650722201600,572304392192,9661.129630942014
DPRS,W02,F1,rep-01,0.1644881092084912,0.9791666666666666,0.9839120370370372,265,3565896597504,572304392192,9610.894253026345
DPRS,W02,F1,rep-02,0.1644881092084912,0.9791666666666666,0.9839120370370371,264,3568044081152,564788199424,9605.336501008424
DPRS,W02,F1,rep-03,0.16106127359998096,1.0,0.9966435185185186,264,3650722201600,566935683072,9605.933742124762
DPRS,W02,F1,rep-04,0.1507807667744476,0.9791666666666666,0.9561342592592591,266,3583076466688,578746843136,10832.319316839857
DPRS,W02,F1,rep-05,0.16106127359998096,1.0,0.9966435185185186,265,3650722201600,573378134016,10868.70676289982
DPRS,W02,F1,rep-06,0.16106127359998096,1.0,0.9966435185185186,265,3650722201600,570156908544,11123.044645908521
DPRS,W02,F1,rep-07,0.1644881092084912,0.9791666666666666,0.9792824074074074,266,3584150208512,580894326784,9627.143940007954
DPRS,W02,F1,rep-08,0.1507807667744476,0.9791666666666666,0.9561342592592591,262,3583076466688,551903297536,9609.166506881593
DPRS,W02,F1,rep-09,0.16106127359998096,1.0,0.9966435185185186,263,3650722201600,558345748480,9555.556294944836
DPRS,W02,F1,rep-10,0.1507807667744476,0.9791666666666666,0.9561342592592591,266,3583076466688,578746843136,9592.448254981718
DPRS,W02,F1,rep-11,0.1644881092084912,0.9791666666666666,0.9839120370370371,265,3568044081152,572304392192,9615.191263939778
DPRS,W02,F1,rep-12,0.16106127359998096,1.0,0.9966435185185186,263,3650722201600,557272006656,9589.621321028972
DPRS,W02,F1,rep-13,0.16106127359998096,1.0,0.9966435185185186,266,3650722201600,576599359488,9593.151570988994
DPRS,W02,F1,rep-14,0.16106127359998096,1.0,0.9966435185185186,267,3650722201600,585189294080,9610.641112878511
DPRS,W02,F1,rep-15,0.1507807667744476,0.9791666666666666,0.9561342592592591,262,3583076466688,550829555712,9542.728953085316
DPRS,W02,F1,rep-16,0.1644881092084912,0.9791666666666666,0.9792824074074074,265,3584150208512,572304392192,9577.443791036785
DPRS,W02,F1,rep-17,0.16106127359998096,1.0,0.9966435185185186,265,3650722201600,573378134016,9592.795851080155
DPRS,W02,F1,rep-18,0.16106127359998096,1.0,0.9966435185185186,265,3650722201600,572304392192,10957.466721883975
DPRS,W02,F1,rep-19,0.16106127359998096,1.0,0.9966435185185186,267,3650722201600,587336777728,10945.045336949988
DPRS,W02,F1,rep-20,0.1644881092084912,0.9791666666666666,0.9792824074074074,266,3584150208512,578746843136,9594.853784998122
DPRS,W02,F1,rep-21,0.16106127359998096,1.0,0.9966435185185186,261,3650722201600,543313362944,9587.446885110694
DPRS,W02,F1,rep-22,0.16106127359998096,1.0,0.9966435185185186,264,3650722201600,564788199424,9559.835785854375
DPRS,W02,F1,rep-23,0.1644881092084912,0.9791666666666666,0.9792824074074074,264,3584150208512,563714457600,9590.324392971525
DPRS,W02,F1,rep-24,0.1644881092084912,0.9791666666666666,0.9792824074074074,266,3584150208512,576599359488,9552.67892908887
DPRS,W02,F1,rep-25,0.1644881092084912,0.9791666666666666,0.9839120370370371,267,3568044081152,585189294080,9570.09805006237
DPRS,W02,F1,rep-26,0.1644881092084912,0.9791666666666666,0.9839120370370372,259,3565896597504,542239621120,9474.905660004879
DPRS,W02,F1,rep-27,0.16106127359998096,1.0,0.9966435185185186,263,3650722201600,559419490304,9530.850848052069
DPRS,W02,F1,rep-28,0.14950835524048603,0.9875,0.9792824074074074,262,3634616074240,552977039360,9537.021292751888
DPRS,W02,F1,rep-29,0.16106127359998096,1.0,0.9966435185185186,265,3650722201600,573378134016,11007.151442929171
DPRS,W02,F1,rep-30,0.14950835524048603,0.9875,0.9792824074074074,265,3634616074240,572304392192,9587.161687988555
DPRS,W02,F2,rep-01,0.16618532099740083,0.9691666666666666,0.970601851851852,265,3549790470144,572304392192,10993.176525997114
DPRS,W02,F2,rep-02,0.16632833762476518,0.9683333333333334,0.9775462962962966,264,3517578215424,564788199424,11452.359157061437
DPRS,W02,F2,rep-03,0.14507527226160055,0.9683333333333334,0.9358796296296299,264,3547642986496,566935683072,11023.854002109147
DPRS,W02,F2,rep-04,0.16618532099740083,0.9691666666666666,0.970601851851852,266,3549790470144,578746843136,11035.822339072183
DPRS,W02,F2,rep-05,0.16618532099740083,0.9691666666666666,0.970601851851852,265,3549790470144,573378134016,9578.056290993118
DPRS,W02,F2,rep-06,0.14507527226160055,0.9683333333333334,0.9358796296296299,265,3547642986496,570156908544,10150.432775997615
DPRS,W02,F2,rep-07,0.16618532099740083,0.9691666666666666,0.970601851851852,266,3549790470144,580894326784,9555.401538127626
DPRS,W02,F2,rep-08,0.16618532099740083,0.9691666666666666,0.9775462962962966,262,3531536859136,551903297536,9543.745876857429
DPRS,W02,F2,rep-09,0.16632833762476518,0.9683333333333334,0.9775462962962966,263,3517578215424,558345748480,9525.472564899246
DPRS,W02,F2,rep-10,0.16632833762476518,0.9683333333333334,0.9775462962962966,266,3517578215424,578746843136,9553.40897395945
DPRS,W02,F2,rep-11,0.14507527226160055,0.9683333333333334,0.9358796296296299,265,3547642986496,572304392192,11515.582867956255
DPRS,W02,F2,rep-12,0.16618532099740083,0.9691666666666666,0.970601851851852,263,3549790470144,557272006656,9529.599991954456
DPRS,W02,F2,rep-13,0.16618532099740083,0.9691666666666666,0.9775462962962966,266,3531536859136,576599359488,9548.043721806607
DPRS,W02,F2,rep-14,0.14507527226160055,0.9683333333333334,0.9358796296296299,267,3547642986496,585189294080,9583.455056024832
DPRS,W02,F2,rep-15,0.14507527226160055,0.9683333333333334,0.9358796296296299,262,3547642986496,550829555712,9543.200840947975
DPRS,W02,F2,rep-16,0.14507527226160055,0.9683333333333334,0.9358796296296299,265,3547642986496,572304392192,11593.209178870893
DPRS,W02,F2,rep-17,0.16632833762476518,0.9683333333333334,0.9775462962962966,265,3517578215424,573378134016,9586.546120939602
DPRS,W02,F2,rep-18,0.16632833762476518,0.9683333333333334,0.9775462962962966,265,3517578215424,572304392192,9565.797555929748
DPRS,W02,F2,rep-19,0.14507527226160055,0.9683333333333334,0.9358796296296299,267,3547642986496,587336777728,9553.700996999396
DPRS,W02,F2,rep-20,0.16632833762476518,0.9683333333333334,0.9775462962962966,266,3517578215424,578746843136,11521.763949967863
DPRS,W02,F2,rep-21,0.14507527226160055,0.9683333333333334,0.9358796296296299,261,3547642986496,543313362944,9541.417796142923
DPRS,W02,F2,rep-22,0.16618532099740083,0.9691666666666666,0.9775462962962966,264,3531536859136,564788199424,9543.163460861251
DPRS,W02,F2,rep-23,0.16618532099740083,0.9691666666666666,0.9775462962962966,264,3531536859136,563714457600,9548.918866050371
DPRS,W02,F2,rep-24,0.16618532099740083,0.9691666666666666,0.970601851851852,266,3549790470144,576599359488,11206.190135024372
DPRS,W02,F2,rep-25,0.14507527226160055,0.9683333333333334,0.9358796296296299,267,3547642986496,585189294080,9576.215469285671
DPRS,W02,F2,rep-26,0.16618532099740083,0.9691666666666666,0.970601851851852,259,3549790470144,542239621120,9501.108869975724
DPRS,W02,F2,rep-27,0.16618532099740083,0.9691666666666666,0.9775462962962966,263,3531536859136,559419490304,9557.488202000968
DPRS,W02,F2,rep-28,0.14507527226160055,0.9683333333333334,0.9358796296296299,262,3547642986496,552977039360,11224.441869235307
DPRS,W02,F2,rep-29,0.16632833762476518,0.9683333333333334,0.9775462962962966,265,3517578215424,573378134016,11604.021565864969
DPRS,W02,F2,rep-30,0.16618532099740083,0.9691666666666666,0.9775462962962966,265,3531536859136,572304392192,9589.266037059133
DPRS,W02,F3,rep-01,0.16106127359998096,1.0,0.9966435185185186,265,3650722201600,572304392192,9605.009961036558
DPRS,W02,F3,rep-02,0.16106127359998096,1.0,0.9966435185185186,264,3650722201600,564788199424,9603.552876069443
DPRS,W02,F3,rep-03,0.16106127359998096,1.0,0.9966435185185186,264,3650722201600,566935683072,9514.406521055207
DPRS,W02,F3,rep-04,0.16106127359998096,1.0,0.9966435185185186,266,3650722201600,578746843136,9536.128734260274
DPRS,W02,F3,rep-05,0.16106127359998096,1.0,0.9966435185185186,265,3650722201600,573378134016,11260.801088094013
DPRS,W02,F3,rep-06,0.16106127359998096,1.0,0.9966435185185186,265,3650722201600,570156908544,9584.315514068294
DPRS,W02,F3,rep-07,0.16106127359998096,1.0,0.9966435185185186,266,3650722201600,580894326784,9652.148555993335
DPRS,W02,F3,rep-08,0.16106127359998096,1.0,0.9966435185185186,262,3650722201600,551903297536,9514.620655681938
DPRS,W02,F3,rep-09,0.16106127359998096,1.0,0.9966435185185186,263,3650722201600,558345748480,9562.199768944993
DPRS,W02,F3,rep-10,0.16106127359998096,1.0,0.9966435185185186,266,3650722201600,578746843136,11297.075225636945
DPRS,W02,F3,rep-11,0.16106127359998096,1.0,0.9966435185185186,265,3650722201600,572304392192,9684.432359965285
DPRS,W02,F3,rep-12,0.16106127359998096,1.0,0.9966435185185186,263,3650722201600,557272006656,9587.070487279561
DPRS,W02,F3,rep-13,0.16106127359998096,1.0,0.9966435185185186,266,3650722201600,576599359488,9541.218782644137
DPRS,W02,F3,rep-14,0.16106127359998096,1.0,0.9966435185185186,267,3650722201600,585189294080,11388.843283129972
DPRS,W02,F3,rep-15,0.16106127359998096,1.0,0.9966435185185186,262,3650722201600,550829555712,10070.710964981117
DPRS,W02,F3,rep-16,0.16106127359998096,1.0,0.9966435185185186,265,3650722201600,572304392192,9575.4744799342
DPRS,W02,F3,rep-17,0.16106127359998096,1.0,0.9966435185185186,265,3650722201600,573378134016,9560.583128186408
DPRS,W02,F3,rep-18,0.16106127359998096,1.0,0.9966435185185186,265,3650722201600,572304392192,11439.708791396697
DPRS,W02,F3,rep-19,0.16106127359998096,1.0,0.9966435185185186,267,3650722201600,587336777728,10128.539795943652
DPRS,W02,F3,rep-20,0.16106127359998096,1.0,0.9966435185185186,266,3650722201600,578746843136,9596.719190041767
DPRS,W02,F3,rep-21,0.16106127359998096,1.0,0.9966435185185186,261,3650722201600,543313362944,11347.1017160482
DPRS,W02,F3,rep-22,0.16106127359998096,1.0,0.9966435185185186,264,3650722201600,564788199424,9557.46802194335
DPRS,W02,F3,rep-23,0.16106127359998096,1.0,0.9966435185185186,264,3650722201600,563714457600,9633.389888695092
DPRS,W02,F3,rep-24,0.16106127359998096,1.0,0.9966435185185186,266,3650722201600,576599359488,9610.767731035594
DPRS,W02,F3,rep-25,0.16106127359998096,1.0,0.9966435185185186,267,3650722201600,585189294080,11484.06092596997
DPRS,W02,F3,rep-26,0.16106127359998096,1.0,0.9966435185185186,259,3650722201600,542239621120,9480.386339389952
DPRS,W02,F3,rep-27,0.16106127359998096,1.0,0.9966435185185186,263,3650722201600,559419490304,9617.638784387964
DPRS,W02,F3,rep-28,0.16106127359998096,1.0,0.9966435185185186,262,3650722201600,552977039360,9555.097682474297
DPRS,W02,F3,rep-29,0.16106127359998096,1.0,0.9966435185185186,265,3650722201600,573378134016,9551.388089166721
DPRS,W02,F3,rep-30,0.16106127359998096,1.0,0.9966435185185186,265,3650722201600,572304392192,9554.897960391827
DPRS,W02,F4,rep-01,0.16106127359998096,1.0,0.9966435185185186,265,3650722201600,572304392192,9589.401013057795
DPRS,W02,F4,rep-02,0.16106127359998096,1.0,0.9966435185185186,264,3650722201600,564788199424,9537.314915985917
DPRS,W02,F4,rep-03,0.16106127359998096,1.0,0.9966435185185186,264,3650722201600,566935683072,9564.111246203538
DPRS,W02,F4,rep-04,0.16106127359998096,1.0,0.9966435185185186,266,3650722201600,578746843136,9601.081043074373
DPRS,W02,F4,rep-05,0.16106127359998096,1.0,0.9966435185185186,265,3650722201600,573378134016,9536.696601804579
DPRS,W02,F4,rep-06,0.16106127359998096,1.0,0.9966435185185186,265,3650722201600,570156908544,9553.645138730644
DPRS,W02,F4,rep-07,0.16106127359998096,1.0,0.9966435185185186,266,3650722201600,580894326784,9603.137764395797
DPRS,W02,F4,rep-08,0.16106127359998096,1.0,0.9966435185185186,262,3650722201600,551903297536,10219.393970954116
DPRS,W02,F4,rep-09,0.16106127359998096,1.0,0.9966435185185186,263,3650722201600,558345748480,9636.789423966547
DPRS,W02,F4,rep-10,0.12884901887999464,0.9375,0.8751157407407409,266,3446711255040,578746843136,9669.691493021674
DPRS,W02,F4,rep-11,0.17195153765122523,0.9366666666666666,0.9584490740740742,265,3389802938368,572304392192,9679.899246053537
DPRS,W02,F4,rep-12,0.1255022911168779,0.9625,0.9445601851851853,263,3602403819520,557272006656,9641.905174896237
DPRS,W02,F4,rep-13,0.16106127359998096,1.0,0.9966435185185186,266,3650722201600,576599359488,9649.68107904133
DPRS,W02,F4,rep-14,0.16106127359998096,1.0,0.9966435185185186,267,3650722201600,585189294080,9669.400943123037
DPRS,W02,F4,rep-15,0.16106127359998096,1.0,0.9966435185185186,262,3650722201600,550829555712,9606.825908194878
DPRS,W02,F4,rep-16,0.17179869183997967,0.9375,0.9584490740740742,265,3398392872960,572304392192,12315.099276092951
DPRS,W02,F4,rep-17,0.16106127359998096,1.0,0.9966435185185186,265,3650722201600,573378134016,9658.135748788482
DPRS,W02,F4,rep-18,0.16106127359998096,1.0,0.9966435185185186,265,3650722201600,572304392192,9633.224348974181
DPRS,W02,F4,rep-19,0.16106127359998096,1.0,0.9966435185185186,267,3650722201600,587336777728,9724.35532308009
DPRS,W02,F4,rep-20,0.16106127359998096,1.0,0.9966435185185186,266,3650722201600,578746843136,9606.745518060052
DPRS,W02,F4,rep-21,0.17179869183997967,0.9375,0.9445601851851853,261,3446711255040,543313362944,9672.624893079046
DPRS,W02,F4,rep-22,0.17179869183997967,0.9375,0.9584490740740742,264,3398392872960,564788199424,12107.241863006493
DPRS,W02,F4,rep-23,0.16106127359998096,1.0,0.9966435185185186,264,3650722201600,563714457600,9622.374157930608
DPRS,W02,F4,rep-24,0.17195153765122523,0.9366666666666666,0.9584490740740742,266,3389802938368,576599359488,9693.365481769433
DPRS,W02,F4,rep-25,0.17179869183997967,0.9375,0.9584490740740742,267,3398392872960,585189294080,9710.959703894332
DPRS,W02,F4,rep-26,0.17179869183997967,0.9375,0.9445601851851853,259,3446711255040,542239621120,9602.30180065264
DPRS,W02,F4,rep-27,0.17195153765122523,0.9366666666666666,0.9584490740740742,263,3389802938368,559419490304,12284.767204822856
DPRS,W02,F4,rep-28,0.16106127359998096,1.0,0.9966435185185186,262,3650722201600,552977039360,9583.086628073943
DPRS,W02,F4,rep-29,0.16106127359998096,1.0,0.9966435185185186,265,3650722201600,573378134016,9695.010450610425
DPRS,W02,F4,rep-30,0.16106127359998096,1.0,0.9966435185185186,265,3650722201600,572304392192,12406.888757832348
DPRS,W03,F0,rep-01,0.6710886400000257,1.0,0.9497569444444447,319,4101693767680,696858443776,9985.454842753825
DPRS,W03,F0,rep-02,0.6710886400000257,1.0,0.9497569444444447,318,4101693767680,689342251008,9962.074752955232
DPRS,W03,F0,rep-03,0.6710886400000257,1.0,0.9497569444444447,318,4101693767680,691489734656,10006.806900972151
DPRS,W03,F0,rep-04,0.6710886400000257,1.0,0.9497569444444447,320,4101693767680,703300894720,10006.533645340824
DPRS,W03,F0,rep-05,0.6710886400000257,1.0,0.9497569444444447,319,4101693767680,697932185600,9997.972196317278
DPRS,W03,F0,rep-06,0.6710886400000257,1.0,0.9497569444444447,319,4101693767680,694710960128,13507.561794918729
DPRS,W03,F0,rep-07,0.6710886400000257,1.0,0.9497569444444447,320,4101693767680,705448378368,10092.412771860836
DPRS,W03,F0,rep-08,0.6710886400000257,1.0,0.9497569444444447,316,4101693767680,676457349120,9993.926465031109
DPRS,W03,F0,rep-09,0.6710886400000257,1.0,0.9497569444444447,317,4101693767680,682899800064,10086.197757103946
DPRS,W03,F0,rep-10,0.6710886400000257,1.0,0.9497569444444447,320,4101693767680,703300894720,10091.19097419898
DPRS,W03,F0,rep-11,0.6710886400000257,1.0,0.9497569444444447,319,4101693767680,696858443776,10013.97756197548
DPRS,W03,F0,rep-12,0.6710886400000257,1.0,0.9497569444444447,317,4101693767680,681826058240,10518.185833832831
DPRS,W03,F0,rep-13,0.6710886400000257,1.0,0.9497569444444447,320,4101693767680,701153411072,10088.959149943548
DPRS,W03,F0,rep-14,0.6710886400000257,1.0,0.9497569444444447,321,4101693767680,709743345664,10126.09449075535
DPRS,W03,F0,rep-15,0.6710886400000257,1.0,0.9497569444444447,316,4101693767680,675383607296,14123.828943120316
DPRS,W03,F0,rep-16,0.6710886400000257,1.0,0.9497569444444447,319,4101693767680,696858443776,10130.311462955433
DPRS,W03,F0,rep-17,0.6710886400000257,1.0,0.9497569444444447,319,4101693767680,697932185600,10022.996294967015
DPRS,W03,F0,rep-18,0.6710886400000257,1.0,0.9497569444444447,319,4101693767680,696858443776,10000.600633022259
DPRS,W03,F0,rep-19,0.6710886400000257,1.0,0.9497569444444447,321,4101693767680,711890829312,10085.183237824822
DPRS,W03,F0,rep-20,0.6710886400000257,1.0,0.9497569444444447,320,4101693767680,703300894720,13901.70499116357
DPRS,W03,F0,rep-21,0.6710886400000257,1.0,0.9497569444444447,315,4101693767680,667867414528,10011.413261017879
DPRS,W03,F0,rep-22,0.6710886400000257,1.0,0.9497569444444447,318,4101693767680,689342251008,10018.882756048697
DPRS,W03,F0,rep-23,0.6710886400000257,1.0,0.9497569444444447,318,4101693767680,688268509184,10027.454533876153
DPRS,W03,F0,rep-24,0.6710886400000257,1.0,0.9497569444444447,320,4101693767680,701153411072,9981.23646507156
DPRS,W03,F0,rep-25,0.6710886400000257,1.0,0.9497569444444447,321,4101693767680,709743345664,14535.21426008956
DPRS,W03,F0,rep-26,0.6710886400000257,1.0,0.9497569444444447,313,4101693767680,666793672704,9940.076876315288
DPRS,W03,F0,rep-27,0.6710886400000257,1.0,0.9497569444444447,317,4101693767680,683973541888,9966.812652113731
DPRS,W03,F0,rep-28,0.6710886400000257,1.0,0.9497569444444447,316,4101693767680,677531090944,9993.403671280248
DPRS,W03,F0,rep-29,0.6710886400000257,1.0,0.9497569444444447,319,4101693767680,697932185600,9985.3905520431
DPRS,W03,F0,rep-30,0.6710886400000257,1.0,0.9497569444444447,319,4101693767680,696858443776,15898.966390886926
DPRS,W03,F1,rep-01,0.6853671217021539,0.9791666666666666,0.937604166666667,319,4016868163584,696858443776,10056.343241943978
DPRS,W03,F1,rep-02,0.6853671217021539,0.9791666666666666,0.9376041666666667,318,4019015647232,689342251008,9943.199270754121
DPRS,W03,F1,rep-03,0.6710886400000257,1.0,0.9445486111111115,318,4101693767680,691489734656,9986.261244950583
DPRS,W03,F1,rep-04,0.6716597792681103,0.9791666666666666,0.9141666666666667,320,4034048032768,703300894720,10031.558824994136
DPRS,W03,F1,rep-05,0.6710886400000257,1.0,0.9497569444444447,319,4101693767680,697932185600,10013.292663861648
DPRS,W03,F1,rep-06,0.6710886400000257,1.0,0.9497569444444447,319,4101693767680,694710960128,10013.03436505259
DPRS,W03,F1,rep-07,0.6853671217021539,0.9791666666666666,0.9341319444444447,320,4035121774592,705448378368,18469.10344918433
DPRS,W03,F1,rep-08,0.6716597792681103,0.9791666666666666,0.9141666666666667,316,4034048032768,676457349120,10009.767164898221
DPRS,W03,F1,rep-09,0.6710886400000257,1.0,0.9497569444444447,317,4101693767680,682899800064,10528.18097290583
DPRS,W03,F1,rep-10,0.6716597792681103,0.9791666666666666,0.9141666666666667,320,4034048032768,703300894720,10019.087898923317
DPRS,W03,F1,rep-11,0.6853671217021539,0.9791666666666666,0.9376041666666667,319,4019015647232,696858443776,10102.751378915855
DPRS,W03,F1,rep-12,0.6710886400000257,1.0,0.9497569444444447,317,4101693767680,681826058240,21297.78282091138
DPRS,W03,F1,rep-13,0.6710886400000257,1.0,0.9497569444444447,320,4101693767680,701153411072,10036.92111208511
DPRS,W03,F1,rep-14,0.6710886400000257,1.0,0.945416666666667,321,4101693767680,709743345664,10022.104789793957
DPRS,W03,F1,rep-15,0.6716597792681103,0.9791666666666666,0.9141666666666667,316,4034048032768,675383607296,10034.20454620209
DPRS,W03,F1,rep-16,0.6853671217021539,0.9791666666666666,0.9341319444444447,319,4035121774592,696858443776,10037.317107082345
DPRS,W03,F1,rep-17,0.6710886400000257,1.0,0.9497569444444447,319,4101693767680,697932185600,10078.406025786535
DPRS,W03,F1,rep-18,0.6710886400000257,1.0,0.9497569444444447,319,4101693767680,696858443776,10004.41474103718
DPRS,W03,F1,rep-19,0.6710886400000257,1.0,0.9497569444444447,321,4101693767680,711890829312,18427.237867901567
DPRS,W03,F1,rep-20,0.6853671217021539,0.9791666666666666,0.9341319444444447,320,4035121774592,703300894720,10041.540471851476
DPRS,W03,F1,rep-21,0.6710886400000257,1.0,0.9497569444444447,315,4101693767680,667867414528,18642.26497830532
DPRS,W03,F1,rep-22,0.6710886400000257,1.0,0.9497569444444447,318,4101693767680,689342251008,9904.470049019437
DPRS,W03,F1,rep-23,0.6853671217021539,0.9791666666666666,0.9341319444444447,318,4035121774592,688268509184,9926.434260123642
DPRS,W03,F1,rep-24,0.6853671217021539,0.9791666666666666,0.9341319444444447,320,4035121774592,701153411072,9982.18941592495
DPRS,W03,F1,rep-25,0.6853671217021539,0.9791666666666666,0.9376041666666667,321,4019015647232,709743345664,10015.759000030812
DPRS,W03,F1,rep-26,0.6853671217021539,0.9791666666666666,0.937604166666667,313,4016868163584,666793672704,29576.032920798752
DPRS,W03,F1,rep-27,0.6710886400000257,1.0,0.9497569444444447,317,4101693767680,683973541888,9967.111375837703
DPRS,W03,F1,rep-28,0.6659917642531895,0.9875,0.9297916666666669,316,4085587640320,677531090944,18212.69355608092
DPRS,W03,F1,rep-29,0.6710886400000257,1.0,0.9497569444444447,319,4101693767680,697932185600,9963.060001056874
DPRS,W03,F1,rep-30,0.6659917642531895,0.9875,0.9315277777777778,319,4085587640320,696858443776,18670.97161654965
DPRS,W03,F2,rep-01,0.6532891563584483,0.93,0.9107986111111114,319,3868691791872,697932185600,9977.323279890697
DPRS,W03,F2,rep-02,0.610337457852657,0.95,0.9239930555555557,318,3882650435584,689342251008,18591.727715102024
DPRS,W03,F2,rep-03,0.6680646703917056,0.9616666666666667,0.8840711805555559,318,3956738621440,692563476480,9860.720748838503
DPRS,W03,F2,rep-04,0.6818447645435821,0.9566666666666667,0.9200607638888892,320,3937411268608,703300894720,18435.718128137523
DPRS,W03,F2,rep-05,0.6150468518175668,0.95,0.9173697916666671,319,3920231399424,697932185600,9927.40117336507
DPRS,W03,F2,rep-06,0.6498963671579175,0.95,0.8814670138888893,319,3926673850368,695784701952,9923.479547724128
DPRS,W03,F2,rep-07,0.6715595793965184,0.95,0.9186805555555558,320,3920231399424,705448378368,9927.767856308492
DPRS,W03,F2,rep-08,0.6290797783156273,0.9558333333333333,0.9238107638888892,316,3923452624896,676457349120,9882.549696107162
DPRS,W03,F2,rep-09,0.6262713864481495,0.9558333333333333,0.9251909722222226,317,3905199013888,682899800064,9908.937626169063
DPRS,W03,F2,rep-10,0.6155868402739475,0.9491666666666667,0.923793402777778,320,3888019144704,703300894720,9912.10370301269
DPRS,W03,F2,rep-11,0.6577371382618036,0.955,0.8827690972222225,319,3939558752256,697932185600,9891.486095351866
DPRS,W03,F2,rep-12,0.6805669625527744,0.9558333333333333,0.9211631944444446,317,3935263784960,681826058240,9848.057668830734
DPRS,W03,F2,rep-13,0.6395968613956934,0.9625,0.9276649305555558,320,3940632494080,701153411072,9872.617353015812
DPRS,W03,F2,rep-14,0.6590359582354204,0.9558333333333333,0.8827690972222225,321,3941706235904,710817087488,9945.334883697797
DPRS,W03,F2,rep-15,0.6577371382618036,0.955,0.8827690972222225,316,3939558752256,676457349120,9788.508335215738
DPRS,W03,F2,rep-16,0.6326729652014376,0.9433333333333334,0.8801649305555559,319,3901977788416,697932185600,9837.245905859163
DPRS,W03,F2,rep-17,0.6824392237977613,0.9558333333333333,0.9238888888888893,319,3905199013888,697932185600,9871.748837467749
DPRS,W03,F2,rep-18,0.6368079215930985,0.9625,0.9278211805555557,319,3922378883072,696858443776,9899.061999371042
DPRS,W03,F2,rep-19,0.6485815407480473,0.9491666666666667,0.8814670138888893,321,3924526366720,712964571136,9854.019788093865
DPRS,W03,F2,rep-20,0.5425621230812923,0.9433333333333334,0.9202083333333336,320,3865470566400,703300894720,9873.522675625281
DPRS,W03,F2,rep-21,0.6693455526234012,0.9625,0.8840711805555559,315,3958886105088,668941156352,19405.043517210288
DPRS,W03,F2,rep-22,0.6145078098790764,0.9508333333333333,0.922604166666667,318,3903051530240,689342251008,9837.606767338002
DPRS,W03,F2,rep-23,0.6605454998482169,0.9441666666666667,0.9213454861111114,318,3885871661056,688268509184,36091.56538307434
DPRS,W03,F2,rep-24,0.6362570496886062,0.9633333333333334,0.9226128472222225,320,3954591137792,701153411072,9889.165530214086
DPRS,W03,F2,rep-25,0.6680646703917056,0.9616666666666667,0.8840711805555559,321,3956738621440,710817087488,9886.004322121153
DPRS,W03,F2,rep-26,0.625725853881557,0.9566666666666667,0.9199565972222224,313,3937411268608,666793672704,9804.431495285826
DPRS,W03,F2,rep-27,0.5756527098207311,0.9575,0.9252690972222225,317,3927747592192,683973541888,9837.101904209703
DPRS,W03,F2,rep-28,0.6524830438779684,0.9558333333333333,0.8827690972222225,316,3934190043136,678604832768,9862.399263394764
DPRS,W03,F2,rep-29,0.6197184720906975,0.9558333333333333,0.9264756944444447,319,3897682821120,697932185600,9866.822729905834
DPRS,W03,F2,rep-30,0.6251812708929743,0.9575,0.9252690972222225,319,3920231399424,696858443776,9875.122737168567
DPRS,W03,F3,rep-01,0.6710886400000257,1.0,0.9497569444444447,319,4101693767680,696858443776,9846.403797680978
DPRS,W03,F3,rep-02,0.6710886400000257,1.0,0.9497569444444447,318,4101693767680,689342251008,9846.707337361295
DPRS,W03,F3,rep-03,0.6710886400000257,1.0,0.9497569444444447,318,4101693767680,691489734656,9829.990292113507
DPRS,W03,F3,rep-04,0.6710886400000257,1.0,0.9497569444444447,320,4101693767680,703300894720,9858.212964754784
DPRS,W03,F3,rep-05,0.6710886400000257,1.0,0.9497569444444447,319,4101693767680,697932185600,9892.323665932054
DPRS,W03,F3,rep-06,0.6710886400000257,1.0,0.9497569444444447,319,4101693767680,694710960128,10381.585602968698
DPRS,W03,F3,rep-07,0.6710886400000257,1.0,0.9497569444444447,320,4101693767680,705448378368,9858.715293958085
DPRS,W03,F3,rep-08,0.6710886400000257,1.0,0.9497569444444447,316,4101693767680,676457349120,9878.709797514603
DPRS,W03,F3,rep-09,0.6710886400000257,1.0,0.9497569444444447,317,4101693767680,682899800064,9927.049922407605
DPRS,W03,F3,rep-10,0.6710886400000257,1.0,0.9497569444444447,320,4101693767680,703300894720,9875.632622104604
DPRS,W03,F3,rep-11,0.6710886400000257,1.0,0.9497569444444447,319,4101693767680,696858443776,9908.97320775548
DPRS,W03,F3,rep-12,0.6710886400000257,1.0,0.9497569444444447,317,4101693767680,681826058240,9971.83320208569
DPRS,W03,F3,rep-13,0.6710886400000257,1.0,0.9497569444444447,320,4101693767680,701153411072,9983.873402088648
DPRS,W03,F3,rep-14,0.6710886400000257,1.0,0.9497569444444447,321,4101693767680,709743345664,10052.55020147888
DPRS,W03,F3,rep-15,0.6710886400000257,1.0,0.9497569444444447,316,4101693767680,675383607296,21272.34022063203
DPRS,W03,F3,rep-16,0.6710886400000257,1.0,0.9497569444444447,319,4101693767680,696858443776,9979.85084328684
DPRS,W03,F3,rep-17,0.6710886400000257,1.0,0.9497569444444447,319,4101693767680,697932185600,21479.88423705101
DPRS,W03,F3,rep-18,0.6710886400000257,1.0,0.9497569444444447,319,4101693767680,696858443776,10147.677996108541
DPRS,W03,F3,rep-19,0.6710886400000257,1.0,0.9497569444444447,321,4101693767680,711890829312,10027.559200971154
DPRS,W03,F3,rep-20,0.6710886400000257,1.0,0.9497569444444447,320,4101693767680,703300894720,10148.60013523139
DPRS,W03,F3,rep-21,0.6710886400000257,1.0,0.9497569444444447,315,4101693767680,667867414528,10133.740166027565
DPRS,W03,F3,rep-22,0.6710886400000257,1.0,0.9497569444444447,318,4101693767680,689342251008,10002.805333031574
DPRS,W03,F3,rep-23,0.6710886400000257,1.0,0.9497569444444447,318,4101693767680,688268509184,10189.12954669213
DPRS,W03,F3,rep-24,0.6710886400000257,1.0,0.9497569444444447,320,4101693767680,701153411072,10089.85191505053
DPRS,W03,F3,rep-25,0.6710886400000257,1.0,0.9497569444444447,321,4101693767680,709743345664,10058.698742417619
DPRS,W03,F3,rep-26,0.6710886400000257,1.0,0.9497569444444447,313,4101693767680,666793672704,9974.091108510038
DPRS,W03,F3,rep-27,0.6710886400000257,1.0,0.9497569444444447,317,4101693767680,683973541888,9992.449044075329
DPRS,W03,F3,rep-28,0.6710886400000257,1.0,0.9497569444444447,316,4101693767680,677531090944,10138.073617417831
DPRS,W03,F3,rep-29,0.6710886400000257,1.0,0.9497569444444447,319,4101693767680,697932185600,10089.852017903468
DPRS,W03,F3,rep-30,0.6710886400000257,1.0,0.9497569444444447,319,4101693767680,696858443776,10278.315896430286
DPRS,W03,F4,rep-01,0.6710886400000257,1.0,0.9497569444444447,319,4101693767680,696858443776,10283.733365969965
DPRS,W03,F4,rep-02,0.613566756571449,0.9625,0.9419444444444447,318,4005057003520,689342251008,10354.126837279182
DPRS,W03,F4,rep-03,0.6710886400000257,1.0,0.9497569444444447,318,4101693767680,691489734656,10126.019413699396
DPRS,W03,F4,rep-04,0.6710886400000257,1.0,0.9497569444444447,320,4101693767680,703300894720,10070.241884503048
DPRS,W03,F4,rep-05,0.6710886400000257,1.0,0.9497569444444447,319,4101693767680,697932185600,10348.720832145773
DPRS,W03,F4,rep-06,0.6710886400000257,1.0,0.9497569444444447,319,4101693767680,694710960128,10696.157157188281
DPRS,W03,F4,rep-07,0.613566756571449,0.9625,0.9419444444444447,320,4005057003520,705448378368,10387.061915971572
DPRS,W03,F4,rep-08,0.6710886400000257,1.0,0.9497569444444447,316,4101693767680,676457349120,27761.63577986881
DPRS,W03,F4,rep-09,0.6710886400000257,1.0,0.9497569444444447,317,4101693767680,682899800064,10075.089244870469
DPRS,W03,F4,rep-10,0.6871947673600253,0.9375,0.8195486111111113,320,3849364439040,703300894720,10743.032241996843
DPRS,W03,F4,rep-11,0.6161596765836559,0.9366666666666666,0.9132986111111112,319,3776349995008,696858443776,10101.5756650595
DPRS,W03,F4,rep-12,0.6524000955949607,0.9875,0.8924652777777781,317,4069481512960,681826058240,10009.95671984856
DPRS,W03,F4,rep-13,0.5996220575584669,0.9625,0.9419444444444447,320,3988950876160,701153411072,10327.535756281577
DPRS,W03,F4,rep-14,0.6710886400000257,1.0,0.9497569444444447,321,4101693767680,709743345664,10348.646945756627
DPRS,W03,F4,rep-15,0.6710886400000257,1.0,0.9497569444444447,316,4101693767680,675383607296,10298.788513697218
DPRS,W03,F4,rep-16,0.6299285367466876,0.9375,0.9132986111111112,319,3801046056960,696858443776,10154.733907431364
DPRS,W03,F4,rep-17,0.6710886400000257,1.0,0.9497569444444447,319,4101693767680,697932185600,10327.139111817814
DPRS,W03,F4,rep-18,0.6710886400000257,1.0,0.9497569444444447,319,4101693767680,696858443776,10548.248890205286
DPRS,W03,F4,rep-19,0.5996220575584669,0.9625,0.9419444444444447,321,3988950876160,711890829312,10347.290214151144
DPRS,W03,F4,rep-20,0.5996220575584669,0.9625,0.9419444444444447,320,3988950876160,703300894720,10342.1818849165
DPRS,W03,F4,rep-21,0.6156119790933593,0.9375,0.9028819444444447,315,3833258311680,667867414528,10283.34896004526
DPRS,W03,F4,rep-22,0.6299285367466876,0.9375,0.9132986111111112,318,3801046056960,689342251008,10371.504995855503
DPRS,W03,F4,rep-23,0.6710886400000257,1.0,0.9497569444444447,318,4101693767680,688268509184,10376.387601980241
DPRS,W03,F4,rep-24,0.6161596765836559,0.9366666666666666,0.9132986111111112,320,3776349995008,701153411072,10377.78220299515
DPRS,W03,F4,rep-25,0.6299285367466876,0.9375,0.9132986111111112,321,3801046056960,709743345664,10075.46645635739
DPRS,W03,F4,rep-26,0.6156119790933593,0.9375,0.9028819444444447,313,3833258311680,666793672704,10279.570891638286
DPRS,W03,F4,rep-27,0.6161596765836559,0.9366666666666666,0.9132986111111112,317,3776349995008,683973541888,24449.85545508098
DPRS,W03,F4,rep-28,0.5996220575584669,0.9625,0.9419444444444447,316,3988950876160,677531090944,10315.504209429491
DPRS,W03,F4,rep-29,0.5996220575584669,0.9625,0.9419444444444447,319,3988950876160,697932185600,10378.459508210653
DPRS,W03,F4,rep-30,0.5996220575584669,0.9625,0.9419444444444447,319,3988950876160,696858443776,10416.041312651942
EIMORM,W01,F0,rep-01,3.9621073305599697,1.0,0.9835416666666669,569,5334349381632,1959578828800,7663.231326000312
EIMORM,W01,F0,rep-02,3.707093647359972,1.0,0.9835416666666669,565,5334349381632,1959578828800,7955.598795999826
EIMORM,W01,F0,rep-03,3.8368374510933023,1.0,0.9835416666666669,569,5334349381632,1959578828800,8101.155632999141
EIMORM,W01,F0,rep-04,3.9621073305599754,1.0,0.9835416666666669,569,5334349381632,1959578828800,8334.004752999756
EIMORM,W01,F0,rep-05,3.7580963839999733,1.0,0.9835416666666669,569,5334349381632,1959578828800,8309.832848999857
EIMORM,W01,F0,rep-06,3.8762079846399744,1.0,0.9835416666666669,565,5334349381632,1959578828800,8360.49585499916
EIMORM,W01,F0,rep-07,3.894103681706635,1.0,0.9835416666666669,569,5334349381632,1959578828800,8345.47149900152
EIMORM,W01,F0,rep-08,3.704409292799976,1.0,0.9835416666666669,569,5334349381632,1959578828800,8505.002955001146
EIMORM,W01,F0,rep-09,3.721410205013311,1.0,0.9835416666666669,565,5334349381632,1959578828800,8426.298442000752
EIMORM,W01,F0,rep-10,3.716936280746643,1.0,0.9835416666666669,569,5334349381632,1959578828800,8522.174249001184
EIMORM,W01,F0,rep-11,3.877997554346645,1.0,0.9835416666666669,569,5334349381632,1959578828800,8436.49440299896
EIMORM,W01,F0,rep-12,3.8466800844799733,1.0,0.9835416666666669,567,5334349381632,1957431345152,8518.83324699861
EIMORM,W01,F0,rep-13,3.7840451447466315,1.0,0.9835416666666669,569,5334349381632,1959578828800,8556.908629001327
EIMORM,W01,F0,rep-14,3.8046251963732978,1.0,0.9835416666666669,565,5334349381632,1959578828800,8436.813891000611
EIMORM,W01,F0,rep-15,3.8332583116799688,1.0,0.9835416666666669,565,5334349381632,1959578828800,8440.918587997658
EIMORM,W01,F0,rep-16,3.809099120639969,1.0,0.9835416666666669,569,5334349381632,1959578828800,8487.747501007107
EIMORM,W01,F0,rep-17,3.6534065561599776,1.0,0.9835416666666669,565,5334349381632,1959578828800,8414.873143998648
EIMORM,W01,F0,rep-18,3.7724129416533,1.0,0.9835416666666669,565,5334349381632,1959578828800,8388.943697006653
EIMORM,W01,F0,rep-19,3.8108886903466357,1.0,0.9835416666666669,565,5334349381632,1959578828800,8434.677794998152
EIMORM,W01,F0,rep-20,3.8663653512533065,1.0,0.9835416666666669,565,5334349381632,1959578828800,8337.868963003984
EIMORM,W01,F0,rep-21,3.711567571626635,1.0,0.9835416666666669,568,5334349381632,1958505086976,8555.554610992203
EIMORM,W01,F0,rep-22,3.796572132693309,1.0,0.9835416666666669,569,5334349381632,1959578828800,8445.497635003449
EIMORM,W01,F0,rep-23,3.784939929599973,1.0,0.9835416666666669,569,5334349381632,1959578828800,8676.757707993147
EIMORM,W01,F0,rep-24,3.905735884799969,1.0,0.9835416666666669,569,5334349381632,1959578828800,8711.506272012684
EIMORM,W01,F0,rep-25,3.7706233719466344,1.0,0.9835416666666669,569,5334349381632,1959578828800,8402.347872995506
EIMORM,W01,F0,rep-26,3.745569396053304,1.0,0.9835416666666669,565,5334349381632,1959578828800,8605.466250006884
EIMORM,W01,F0,rep-27,3.7339371929599756,1.0,0.9835416666666669,565,5334349381632,1959578828800,8471.843827007888
EIMORM,W01,F0,rep-28,3.6918823048533054,1.0,0.9835416666666669,565,5334349381632,1959578828800,8492.51486700041
EIMORM,W01,F0,rep-29,3.6337212893866377,1.0,0.9835416666666669,567,5334349381632,1957431345152,8479.233483009466
EIMORM,W01,F0,rep-30,3.825205247999976,1.0,0.9835416666666669,565,5334349381632,1959578828800,8303.176983002686
EIMORM,W01,F1,rep-01,3.949542266662096,0.9791666666666666,0.973125,569,5220532748288,1959578828800,8590.087958001277
EIMORM,W01,F1,rep-02,3.7110345083097576,0.9791666666666666,0.973125,565,5223753973760,1959578828800,8120.860542003356
EIMORM,W01,F1,rep-03,3.857246160939542,0.9825,0.9727083333333338,569,5221606490112,1959578828800,8279.986146997544
EIMORM,W01,F1,rep-04,3.9641634319250816,0.9791666666666666,0.9314583333333334,569,5226975199232,1959578828800,8249.266273999183
EIMORM,W01,F1,rep-05,3.7580963839999733,1.0,0.9835416666666669,569,5334349381632,1959578828800,8485.65897599292
EIMORM,W01,F1,rep-06,3.853838363306649,1.0,0.9835416666666669,574,5334349381632,1959578828800,8310.642117993666
EIMORM,W01,F1,rep-07,3.873694971860398,0.9791666666666666,0.9731250000000002,569,5221606490112,1959578828800,8564.535345008153
EIMORM,W01,F1,rep-08,3.708293039822954,0.9791666666666666,0.9314583333333334,569,5226975199232,1959578828800,8325.522508991526
EIMORM,W01,F1,rep-09,3.721410205013311,1.0,0.9835416666666669,565,5334349381632,1959578828800,8274.228238982687
EIMORM,W01,F1,rep-10,3.722000382256997,0.9791666666666666,0.9314583333333334,569,5226975199232,1959578828800,8641.03310299106
EIMORM,W01,F1,rep-11,3.8883161371233816,0.9791666666666666,0.973125,569,5223753973760,1959578828800,8371.70159600555
EIMORM,W01,F1,rep-12,3.8466800844799733,1.0,0.9835416666666669,567,5334349381632,1957431345152,8687.872983008674
EIMORM,W01,F1,rep-13,3.7428850414933073,1.0,0.9835416666666669,574,5334349381632,1959578828800,8728.569754999626
EIMORM,W01,F1,rep-14,3.7750021063352897,0.9825,0.9735416666666669,585,5220532748288,1959578828800,8803.697259017099
EIMORM,W01,F1,rep-15,3.8344005902161378,0.9791666666666666,0.9314583333333334,565,5226975199232,1959578828800,8434.934716012322
EIMORM,W01,F1,rep-16,3.8581599837684815,0.9791666666666666,0.9731250000000002,565,5221606490112,1959578828800,8461.523689994465
EIMORM,W01,F1,rep-17,3.716041495893313,1.0,0.9835416666666669,569,5334349381632,1959578828800,8509.692531002656
EIMORM,W01,F1,rep-18,3.7724129416533,1.0,0.9835416666666669,565,5334349381632,1959578828800,8494.79875000634
EIMORM,W01,F1,rep-19,3.8654705663999773,1.0,0.9835416666666669,574,5334349381632,1959578828800,8560.037023014047
EIMORM,W01,F1,rep-20,3.852677046794872,0.9791666666666666,0.9731250000000002,573,5221606490112,1959578828800,8608.228894012427
EIMORM,W01,F1,rep-21,3.711567571626635,1.0,0.9835416666666669,568,5334349381632,1958505086976,8562.829063003846
EIMORM,W01,F1,rep-22,3.8422061602133097,1.0,0.9835416666666669,574,5334349381632,1959578828800,8216.047669998261
EIMORM,W01,F1,rep-23,3.795106208571888,0.9791666666666666,0.9731250000000002,569,5221606490112,1959578828800,8643.613283024933
EIMORM,W01,F1,rep-24,3.963249609096144,0.9791666666666666,0.9731250000000002,569,5221606490112,1959578828800,8609.124163003798
EIMORM,W01,F1,rep-25,3.7795712204799656,0.9791666666666666,0.973125,569,5223753973760,1959578828800,8249.507882014768
EIMORM,W01,F1,rep-26,3.7283971420595443,0.9791666666666666,0.973125,565,5220532748288,1959578828800,8637.377054031276
EIMORM,W01,F1,rep-27,3.7339371929599756,1.0,0.9835416666666669,565,5334349381632,1959578828800,8290.301612998519
EIMORM,W01,F1,rep-28,3.682961777994882,0.98,0.934375,565,5246302552064,1959578828800,8647.812012006398
EIMORM,W01,F1,rep-29,3.6390899985066425,1.0,0.9835416666666669,572,5334349381632,1957431345152,8338.332633997197
EIMORM,W01,F1,rep-30,3.809963573803366,0.9808333333333333,0.9347916666666667,565,5239860101120,1959578828800,8297.726911977406
EIMORM,W01,F2,rep-01,3.9921407110713365,0.9666666666666667,0.9622916666666668,569,5194762944512,1959578828800,8317.478204031431
EIMORM,W01,F2,rep-02,3.716514299593775,0.9683333333333334,0.9660416666666667,565,5185099268096,1959578828800,8320.479423973666
EIMORM,W01,F2,rep-03,3.875450266657456,0.9675,0.904791666666667,569,5199057911808,1959578828800,8403.312692023974
EIMORM,W01,F2,rep-04,3.993987214637981,0.9683333333333334,0.9622916666666668,569,5194762944512,1959578828800,8356.543823969332
EIMORM,W01,F2,rep-05,3.7927183258744357,0.9691666666666666,0.9641666666666667,569,5194762944512,1959578828800,8411.568801982867
EIMORM,W01,F2,rep-06,3.9050197489018674,0.9683333333333334,0.905416666666667,565,5199057911808,1959578828800,8387.433273046554
EIMORM,W01,F2,rep-07,3.9201270719724532,0.9691666666666666,0.9654166666666667,569,5194762944512,1959578828800,8392.801374007831
EIMORM,W01,F2,rep-08,3.740092974225255,0.9675,0.9616666666666667,569,5197984169984,1959578828800,8454.487627972412
EIMORM,W01,F2,rep-09,3.7331471333562605,0.9683333333333334,0.9641666666666667,565,5185099268096,1959578828800,8411.300780035162
EIMORM,W01,F2,rep-10,3.7368433186368093,0.9683333333333334,0.9629166666666668,569,5185099268096,1959578828800,8457.602617008888
EIMORM,W01,F2,rep-11,3.9087159341824225,0.9683333333333334,0.905416666666667,569,5199057911808,1959578828800,8519.080164991465
EIMORM,W01,F2,rep-12,3.876734238156465,0.9683333333333334,0.9647916666666667,567,5194762944512,1957431345152,8450.897123027971
EIMORM,W01,F2,rep-13,3.8222623829406355,0.9658333333333333,0.9622916666666668,569,5197984169984,1959578828800,8543.907940033023
EIMORM,W01,F2,rep-14,3.8347922285713927,0.9658333333333333,0.904166666666667,565,5199057911808,1959578828800,8442.652030005775
EIMORM,W01,F2,rep-15,3.864361710815804,0.9658333333333333,0.904166666666667,565,5199057911808,1959578828800,8485.277461986698
EIMORM,W01,F2,rep-16,3.8449567380929124,0.9658333333333333,0.904166666666667,569,5199057911808,1959578828800,8545.253248017616
EIMORM,W01,F2,rep-17,3.677704354147997,0.9683333333333334,0.9616666666666667,565,5185099268096,1959578828800,7993.029749015477
EIMORM,W01,F2,rep-18,3.787665866244373,0.9675,0.9622916666666668,565,5185099268096,1959578828800,7991.907048959547
EIMORM,W01,F2,rep-19,3.8412605528123622,0.9675,0.904791666666667,565,5199057911808,1959578828800,8574.426473986023
EIMORM,W01,F2,rep-20,3.880994544578287,0.9675,0.9654166666666667,565,5185099268096,1959578828800,8078.419477973512
EIMORM,W01,F2,rep-21,3.751628059759004,0.9683333333333334,0.905416666666667,568,5199057911808,1958505086976,8629.407337957673
EIMORM,W01,F2,rep-22,3.8370344114737502,0.9691666666666666,0.9660416666666667,569,5197984169984,1959578828800,8064.907672973277
EIMORM,W01,F2,rep-23,3.8250321382906005,0.9691666666666666,0.9647916666666667,569,5197984169984,1959578828800,8606.917248027457
EIMORM,W01,F2,rep-24,3.943208366555428,0.9691666666666666,0.9641666666666667,569,5194762944512,1959578828800,8093.910142002642
EIMORM,W01,F2,rep-25,3.7996784684061646,0.9675,0.904791666666667,569,5199057911808,1959578828800,8650.231474022803
EIMORM,W01,F2,rep-26,3.783485808041244,0.9691666666666666,0.9622916666666668,565,5194762944512,1959578828800,8064.604837025399
EIMORM,W01,F2,rep-27,3.7687137795081433,0.9683333333333334,0.9647916666666667,565,5197984169984,1959578828800,8627.238133047285
EIMORM,W01,F2,rep-28,3.714666206953499,0.9658333333333333,0.904166666666667,565,5199057911808,1959578828800,8656.05494497322
EIMORM,W01,F2,rep-29,3.649058918223723,0.9675,0.9641666666666667,567,5185099268096,1957431345152,8662.376040008894
EIMORM,W01,F2,rep-30,3.8554994471401316,0.9683333333333334,0.9635416666666667,565,5197984169984,1959578828800,8658.404487969165
EIMORM,W01,F3,rep-01,3.9621073305599697,1.0,0.9835416666666669,569,5334349381632,1959578828800,8125.722563021554
EIMORM,W01,F3,rep-02,3.707093647359972,1.0,0.9835416666666669,565,5334349381632,1959578828800,8725.929617987276
EIMORM,W01,F3,rep-03,3.8368374510933023,1.0,0.9835416666666669,569,5334349381632,1959578828800,8175.940368037118
EIMORM,W01,F3,rep-04,3.9621073305599754,1.0,0.9835416666666669,569,5334349381632,1959578828800,8752.0703290229
EIMORM,W01,F3,rep-05,3.7580963839999733,1.0,0.9835416666666669,569,5334349381632,1959578828800,8802.560132991857
EIMORM,W01,F3,rep-06,3.8762079846399744,1.0,0.9835416666666669,565,5334349381632,1959578828800,8142.076988009649
EIMORM,W01,F3,rep-07,3.894103681706635,1.0,0.9835416666666669,569,5334349381632,1959578828800,8190.60416897446
EIMORM,W01,F3,rep-08,3.704409292799976,1.0,0.9835416666666669,569,5334349381632,1959578828800,8649.893252008042
EIMORM,W01,F3,rep-09,3.721410205013311,1.0,0.9835416666666669,565,5334349381632,1959578828800,8169.247649995668
EIMORM,W01,F3,rep-10,3.716936280746643,1.0,0.9835416666666669,569,5334349381632,1959578828800,8859.220767033548
EIMORM,W01,F3,rep-11,3.877997554346645,1.0,0.9835416666666669,569,5334349381632,1959578828800,8188.650750063971
EIMORM,W01,F3,rep-12,3.8466800844799733,1.0,0.9835416666666669,567,5334349381632,1957431345152,8199.349828868435
EIMORM,W01,F3,rep-13,3.7840451447466315,1.0,0.9835416666666669,569,5334349381632,1959578828800,8200.155507009185
EIMORM,W01,F3,rep-14,3.8046251963732978,1.0,0.9835416666666669,565,5334349381632,1959578828800,8233.966848903947
EIMORM,W01,F3,rep-15,3.8332583116799688,1.0,0.9835416666666669,565,5334349381632,1959578828800,8884.379704024468
EIMORM,W01,F3,rep-16,3.809099120639969,1.0,0.9835416666666669,569,5334349381632,1959578828800,8940.132704105054
EIMORM,W01,F3,rep-17,3.6534065561599776,1.0,0.9835416666666669,565,5334349381632,1959578828800,8226.501172975986
EIMORM,W01,F3,rep-18,3.7724129416533,1.0,0.9835416666666669,565,5334349381632,1959578828800,8192.32460199055
EIMORM,W01,F3,rep-19,3.8108886903466357,1.0,0.9835416666666669,565,5334349381632,1959578828800,8959.403781031142
EIMORM,W01,F3,rep-20,3.8663653512533065,1.0,0.9835416666666669,565,5334349381632,1959578828800,8250.406663108151
EIMORM,W01,F3,rep-21,3.711567571626635,1.0,0.9835416666666669,568,5334349381632,1958505086976,8959.407121004915
EIMORM,W01,F3,rep-22,3.796572132693309,1.0,0.9835416666666669,569,5334349381632,1959578828800,9040.30313001931
EIMORM,W01,F3,rep-23,3.784939929599973,1.0,0.9835416666666669,569,5334349381632,1959578828800,8229.608422963793
EIMORM,W01,F3,rep-24,3.905735884799969,1.0,0.9835416666666669,569,5334349381632,1959578828800,8264.964915008022
EIMORM,W01,F3,rep-25,3.7706233719466344,1.0,0.9835416666666669,569,5334349381632,1959578828800,8278.889508976135
EIMORM,W01,F3,rep-26,3.745569396053304,1.0,0.9835416666666669,565,5334349381632,1959578828800,8266.288939968945
EIMORM,W01,F3,rep-27,3.7339371929599756,1.0,0.9835416666666669,565,5334349381632,1959578828800,8240.47216998224
EIMORM,W01,F3,rep-28,3.6918823048533054,1.0,0.9835416666666669,565,5334349381632,1959578828800,8274.628547973407
EIMORM,W01,F3,rep-29,3.6337212893866377,1.0,0.9835416666666669,567,5334349381632,1957431345152,8313.570702925063
EIMORM,W01,F3,rep-30,3.825205247999976,1.0,0.9835416666666669,565,5334349381632,1959578828800,8314.366255053756
EIMORM,W01,F4,rep-01,3.9621073305599697,1.0,0.9835416666666669,569,5334349381632,1959578828800,9100.385737965553
EIMORM,W01,F4,rep-02,3.632267263999975,0.94,0.9435416666666668,565,5070208892928,1959578828800,8269.990578963188
EIMORM,W01,F4,rep-03,3.8368374510933023,1.0,0.9835416666666669,569,5334349381632,1959578828800,8355.92447396266
EIMORM,W01,F4,rep-04,3.9621073305599754,1.0,0.9835416666666669,569,5334349381632,1959578828800,8335.765718988114
EIMORM,W01,F4,rep-05,3.7580963839999733,1.0,0.9835416666666669,569,5334349381632,1959578828800,8363.1408629808
EIMORM,W01,F4,rep-06,3.8762079846399744,1.0,0.9835416666666669,565,5334349381632,1959578828800,8321.432132033806
EIMORM,W01,F4,rep-07,3.842668738283696,0.945,0.9497916666666667,569,5076651343872,1959578828800,8369.389058927482
EIMORM,W01,F4,rep-08,3.704409292799976,1.0,0.9835416666666669,569,5334349381632,1959578828800,8344.843149003282
EIMORM,W01,F4,rep-09,3.721410205013311,1.0,0.9835416666666669,565,5334349381632,1959578828800,8325.927973004582
EIMORM,W01,F4,rep-10,3.732803798812422,0.9375,0.827291666666667,569,5012226834432,1959578828800,8368.965326910256
EIMORM,W01,F4,rep-11,3.8660437381921535,0.9366666666666666,0.9522916666666668,569,4984309547008,1959578828800,8354.162496951176
EIMORM,W01,F4,rep-12,3.7961423541417085,0.945,0.838541666666667,567,5057323991040,1957431345152,8909.279633982806
EIMORM,W01,F4,rep-13,3.730383887230065,0.9475,0.9472916666666668,569,5057323991040,1959578828800,8378.21662396891
EIMORM,W01,F4,rep-14,3.8046251963732978,1.0,0.9835416666666669,565,5334349381632,1959578828800,7448.567251038185
EIMORM,W01,F4,rep-15,3.8332583116799688,1.0,0.9835416666666669,565,5334349381632,1959578828800,8379.586138969898
EIMORM,W01,F4,rep-16,3.822520893439973,0.9375,0.9522916666666668,569,5002563158016,1959578828800,8379.826087053516
EIMORM,W01,F4,rep-17,3.6534065561599776,1.0,0.9835416666666669,565,5334349381632,1959578828800,8385.432673047035
EIMORM,W01,F4,rep-18,3.7724129416533,1.0,0.9835416666666669,565,5334349381632,1959578828800,8369.50185195019
EIMORM,W01,F4,rep-19,3.7515719111110806,0.9475,0.9460416666666667,565,5083093794816,1959578828800,8396.766576010123
EIMORM,W01,F4,rep-20,3.8214244669295567,0.945,0.9522916666666668,565,5035849154560,1959578828800,8373.994922898419
EIMORM,W01,F4,rep-21,3.7242138642204172,0.9375,0.9522916666666668,568,4996120707072,1958505086976,8423.739377005404
EIMORM,W01,F4,rep-22,3.8234753306168665,0.9375,0.9522916666666668,569,5002563158016,1959578828800,8396.732964956755
EIMORM,W01,F4,rep-23,3.784939929599973,1.0,0.9835416666666669,569,5334349381632,1959578828800,8443.369144861208
EIMORM,W01,F4,rep-24,3.9071210499643882,0.9366666666666666,0.9522916666666668,569,4984309547008,1959578828800,12264.326477037685
EIMORM,W01,F4,rep-25,3.7986599640177485,0.9375,0.9522916666666668,569,5002563158016,1959578828800,8468.761109921616
EIMORM,W01,F4,rep-26,3.7547558538808636,0.9375,0.9522916666666668,565,4996120707072,1959578828800,8415.873938949517
EIMORM,W01,F4,rep-27,3.7351695123131483,0.9366666666666666,0.9522916666666668,565,4984309547008,1959578828800,8459.325474974321
EIMORM,W01,F4,rep-28,3.613625912888865,0.9475,0.9472916666666668,565,5066987667456,1959578828800,8506.810460898123
EIMORM,W01,F4,rep-29,3.5697453466316444,0.9475,0.9522916666666668,567,5054102765568,1957431345152,8451.023630961572
EIMORM,W01,F4,rep-30,3.779307262876188,0.945,0.9497916666666667,565,5048734056448,1959578828800,8509.325803941465
EIMORM,W02,F0,rep-01,0.40175839914666645,1.0,0.9966435185185186,358,3650722201600,896574423040,5723.57583295161
EIMORM,W02,F0,rep-02,0.39012619605333315,1.0,0.9966435185185186,359,3650722201600,896574423040,5744.979227984004
EIMORM,W02,F0,rep-03,0.40265318399999983,1.0,0.9966435185185186,357,3650722201600,891205713920,5650.912484081346
EIMORM,W02,F0,rep-04,0.4089166779733332,1.0,0.9966435185185186,359,3650722201600,897648164864,5697.853378944274
EIMORM,W02,F0,rep-05,0.3981792597333333,1.0,0.9966435185185186,360,3650722201600,904090615808,5698.323945031007
EIMORM,W02,F0,rep-06,0.40265318399999994,1.0,0.9966435185185186,358,3650722201600,893353197568,6695.7892490318045
EIMORM,W02,F0,rep-07,0.4169697416533332,1.0,0.9966435185185186,360,3650722201600,906238099456,5723.5088780471415
EIMORM,W02,F0,rep-08,0.3883366263466665,1.0,0.9966435185185186,355,3650722201600,875099586560,6716.723044104583
EIMORM,W02,F0,rep-09,0.3767044232533333,1.0,0.9966435185185186,356,3650722201600,881542037504,6751.999963002163
EIMORM,W02,F0,rep-10,0.4151801719466666,1.0,0.9966435185185186,360,3650722201600,903016873984,5714.283379194967
EIMORM,W02,F0,rep-11,0.4008636142933332,1.0,0.9966435185185186,356,3650722201600,882615779328,6735.916695950436
EIMORM,W02,F0,rep-12,0.3928105506133333,1.0,0.9966435185185186,355,3650722201600,877247070208,6701.495977045852
EIMORM,W02,F0,rep-13,0.4098114628266666,1.0,0.9966435185185186,359,3650722201600,901943132160,5700.659090936824
EIMORM,W02,F0,rep-14,0.4089166779733332,1.0,0.9966435185185186,359,3650722201600,897648164864,5732.947877128026
EIMORM,W02,F0,rep-15,0.3910209809066666,1.0,0.9966435185185186,355,3650722201600,875099586560,6801.304338951013
EIMORM,W02,F0,rep-16,0.4071271082666665,1.0,0.9966435185185186,358,3650722201600,892279455744,5683.304480146035
EIMORM,W02,F0,rep-17,0.4178645265066665,1.0,0.9966435185185186,358,3650722201600,892279455744,6806.777957091981
EIMORM,W02,F0,rep-18,0.3946001203199999,1.0,0.9966435185185186,358,3650722201600,895500681216,6835.459138870647
EIMORM,W02,F0,rep-19,0.40533753855999993,1.0,0.9966435185185186,360,3650722201600,907311841280,5711.660251959984
EIMORM,W02,F0,rep-20,0.41875931135999983,1.0,0.9966435185185186,360,3650722201600,908385583104,5710.512823126919
EIMORM,W02,F0,rep-21,0.3972844748799998,1.0,0.9966435185185186,353,3650722201600,865435910144,6824.502018032945
EIMORM,W02,F0,rep-22,0.4062323234133332,1.0,0.9966435185185186,357,3650722201600,884763262976,6816.0669180506375
EIMORM,W02,F0,rep-23,0.40444275370666655,1.0,0.9966435185185186,357,3650722201600,883689521152,5700.5382520583225
EIMORM,W02,F0,rep-24,0.4035479688533332,1.0,0.9966435185185186,357,3650722201600,886910746624,5694.831365988648
EIMORM,W02,F0,rep-25,0.4169697416533331,1.0,0.9966435185185186,360,3650722201600,904090615808,5664.921458119352
EIMORM,W02,F0,rep-26,0.40623232341333315,1.0,0.9966435185185186,348,3650722201600,870804619264,5624.450399118359
EIMORM,W02,F0,rep-27,0.38833662634666655,1.0,0.9966435185185186,355,3650722201600,875099586560,5648.160282995377
EIMORM,W02,F0,rep-28,0.3847574869333332,1.0,0.9966435185185186,355,3650722201600,870804619264,5641.313017033099
EIMORM,W02,F0,rep-29,0.3981792597333333,1.0,0.9966435185185186,359,3650722201600,898721906688,6903.22132496658
EIMORM,W02,F0,rep-30,0.3856522717866665,1.0,0.9966435185185186,357,3650722201600,887984488448,7432.82742005249
EIMORM,W02,F1,rep-01,0.4103064501923402,0.9791666666666666,0.9839120370370372,358,3565896597504,896574423040,6893.869272818847
EIMORM,W02,F1,rep-02,0.39842675341617007,0.9791666666666666,0.9839120370370371,359,3568044081152,896574423040,6909.2209429582
EIMORM,W02,F1,rep-03,0.40265318399999983,0.9808333333333333,0.9804398148148148,357,3650722201600,891205713920,5694.257587034372
EIMORM,W02,F1,rep-04,0.41761703282382967,0.9791666666666666,0.9561342592592591,359,3583076466688,897648164864,5681.315055815503
EIMORM,W02,F1,rep-05,0.3981792597333333,1.0,0.9966435185185186,360,3650722201600,904090615808,5677.218187069229
EIMORM,W02,F1,rep-06,0.40265318399999994,1.0,0.9966435185185186,358,3650722201600,893353197568,5973.127285964438
EIMORM,W02,F1,rep-07,0.4258414382842552,0.9791666666666666,0.9792824074074074,360,3584150208512,906238099456,5692.527027953474
EIMORM,W02,F1,rep-08,0.39659910775829765,0.9791666666666666,0.9561342592592591,355,3583076466688,875099586560,6897.195658100827
EIMORM,W02,F1,rep-09,0.3767044232533333,1.0,0.9966435185185186,356,3650722201600,881542037504,5624.875880916079
EIMORM,W02,F1,rep-10,0.4240137926263829,0.9791666666666666,0.9561342592592591,360,3583076466688,903016873984,7006.890484044561
EIMORM,W02,F1,rep-11,0.40939262736340415,0.9791666666666666,0.9839120370370371,356,3568044081152,882615779328,7362.747259008756
EIMORM,W02,F1,rep-12,0.3928105506133333,1.0,0.9966435185185186,355,3650722201600,877247070208,7001.616610090423
EIMORM,W02,F1,rep-13,0.4098114628266666,1.0,0.9966435185185186,359,3650722201600,901943132160,5675.327058786934
EIMORM,W02,F1,rep-14,0.41097153565159117,0.9791666666666666,0.982368827160494,359,3612067495936,897648164864,6945.38969216228
EIMORM,W02,F1,rep-15,0.39934057624510627,0.9791666666666666,0.9561342592592591,355,3583076466688,875099586560,6981.465266952
EIMORM,W02,F1,rep-16,0.41578938716595726,0.9791666666666666,0.9792824074074074,358,3584150208512,892279455744,5696.064207993913
EIMORM,W02,F1,rep-17,0.4178645265066665,1.0,0.9966435185185186,358,3650722201600,892279455744,5664.747583032295
EIMORM,W02,F1,rep-18,0.3946001203199999,1.0,0.9966435185185186,358,3650722201600,895500681216,5665.799294067256
EIMORM,W02,F1,rep-19,0.40533753855999993,1.0,0.9966435185185186,360,3650722201600,907311841280,5673.212675188552
EIMORM,W02,F1,rep-20,0.4276690839421275,0.9791666666666666,0.9792824074074074,360,3584150208512,908385583104,5670.043462087051
EIMORM,W02,F1,rep-21,0.3972844748799998,1.0,0.9966435185185186,353,3650722201600,865435910144,37525.41678194393
EIMORM,W02,F1,rep-22,0.4062323234133332,1.0,0.9966435185185186,357,3650722201600,884763262976,5662.50038396538
EIMORM,W02,F1,rep-23,0.4130479186791488,0.9791666666666666,0.9792824074074074,357,3584150208512,883689521152,7026.291329901142
EIMORM,W02,F1,rep-24,0.41213409585021266,0.9791666666666666,0.9792824074074074,357,3584150208512,886910746624,5624.6470210535335
EIMORM,W02,F1,rep-25,0.4258414382842551,0.9791666666666666,0.9839120370370371,360,3568044081152,904090615808,5685.190157026227
EIMORM,W02,F1,rep-26,0.4075649817055318,0.9791666666666666,0.9839120370370372,348,3565896597504,870804619264,5768.695836995903
EIMORM,W02,F1,rep-27,0.38833662634666655,1.0,0.9966435185185186,355,3650722201600,875099586560,5642.718204027915
EIMORM,W02,F1,rep-28,0.3847574869333332,0.9825,0.958449074074074,355,3650722201600,870804619264,5609.072970859415
EIMORM,W02,F1,rep-29,0.3981792597333333,1.0,0.9966435185185186,359,3650722201600,898721906688,5677.588837977964
EIMORM,W02,F1,rep-30,0.3856522717866665,0.9825,0.9584490740740742,357,3650722201600,887984488448,5641.603420022875
EIMORM,W02,F2,rep-01,0.4145400507102319,0.9675,0.9653935185185186,358,3549790470144,896574423040,5690.621777881461
EIMORM,W02,F2,rep-02,0.40288419558003424,0.9608333333333333,0.9694444444444448,359,3517578215424,896574423040,5680.249329096114
EIMORM,W02,F2,rep-03,0.41582084406196196,0.9683333333333334,0.9358796296296299,357,3547642986496,891205713920,5652.451612913865
EIMORM,W02,F2,rep-04,0.42192606497678403,0.9616666666666667,0.9636574074074075,359,3549790470144,897648164864,5693.453418141871
EIMORM,W02,F2,rep-05,0.41084704357695606,0.9666666666666667,0.9619212962962964,360,3549790470144,904090615808,7141.799805795017
EIMORM,W02,F2,rep-06,0.41582084406196207,0.9683333333333334,0.9358796296296299,358,3547642986496,893353197568,7560.451542965893
EIMORM,W02,F2,rep-07,0.43023533102665507,0.9691666666666666,0.9688657407407408,360,3549790470144,906238099456,7175.581945055455
EIMORM,W02,F2,rep-08,0.4006912739604469,0.9666666666666667,0.972916666666667,355,3531536859136,875099586560,7122.79478587152
EIMORM,W02,F2,rep-09,0.389023500777969,0.9683333333333334,0.9758101851851855,356,3517578215424,881542037504,5613.798158141435
EIMORM,W02,F2,rep-10,0.4287574925438898,0.965,0.9682870370370372,360,3517578215424,903016873984,5653.707047022181
EIMORM,W02,F2,rep-11,0.41397275142168666,0.9666666666666667,0.9324074074074077,356,3547642986496,882615779328,5640.334258052462
EIMORM,W02,F2,rep-12,0.4053075328770421,0.9675,0.9671296296296297,355,3549790470144,877247070208,7161.306618058006
EIMORM,W02,F2,rep-13,0.42284931676010307,0.9691666666666666,0.9775462962962966,359,3531536859136,901943132160,5650.655913035735
EIMORM,W02,F2,rep-14,0.42228916830292584,0.9658333333333333,0.9324074074074077,359,3547642986496,897648164864,7225.2813341256115
EIMORM,W02,F2,rep-15,0.403808241900172,0.9666666666666667,0.9324074074074077,355,3547642986496,875099586560,5642.641190010181
EIMORM,W02,F2,rep-16,0.4204410756626504,0.9658333333333333,0.9324074074074077,358,3547642986496,892279455744,5655.411529922276
EIMORM,W02,F2,rep-17,0.4315296315043028,0.9683333333333334,0.9740740740740743,358,3517578215424,892279455744,5655.814797930361
EIMORM,W02,F2,rep-18,0.4075044271807228,0.9625,0.9706018518518521,358,3517578215424,895500681216,7260.871876896999
EIMORM,W02,F2,rep-19,0.4185929830223752,0.9658333333333333,0.9324074074074077,360,3547642986496,907311841280,5632.657356101845
EIMORM,W02,F2,rep-20,0.43245367782444044,0.9683333333333334,0.9775462962962966,360,3517578215424,908385583104,5665.041639913397
EIMORM,W02,F2,rep-21,0.4102765661411358,0.9658333333333333,0.9324074074074077,353,3547642986496,865435910144,5632.0286630580085
EIMORM,W02,F2,rep-22,0.41915630962682704,0.9675,0.9711805555555559,357,3531536859136,884763262976,7262.46204799827
EIMORM,W02,F2,rep-23,0.417309806060189,0.9625,0.9636574074074077,357,3531536859136,883689521152,5617.429978083237
EIMORM,W02,F2,rep-24,0.41638655427687005,0.9641666666666666,0.9601851851851853,357,3549790470144,886910746624,5634.89405882865
EIMORM,W02,F2,rep-25,0.43060558518416503,0.9683333333333334,0.9358796296296299,360,3547642986496,904090615808,7803.109341934032
EIMORM,W02,F2,rep-26,0.419156309626827,0.9633333333333334,0.9671296296296297,348,3549790470144,870804619264,7169.764433063392
EIMORM,W02,F2,rep-27,0.400691273960447,0.9675,0.972916666666667,355,3531536859136,875099586560,5599.205591133796
EIMORM,W02,F2,rep-28,0.3973399176592082,0.9658333333333333,0.9324074074074077,355,3547642986496,870804619264,5940.092474054836
EIMORM,W02,F2,rep-29,0.4112006124612736,0.9608333333333333,0.9694444444444448,359,3517578215424,898721906688,5665.637026067998
EIMORM,W02,F2,rep-30,0.39792151861048997,0.9666666666666667,0.9711805555555559,357,3531536859136,887984488448,7239.829006182845
EIMORM,W02,F3,rep-01,0.40175839914666645,1.0,0.9966435185185186,358,3650722201600,896574423040,7334.973326898762
EIMORM,W02,F3,rep-02,0.39012619605333315,1.0,0.9966435185185186,359,3650722201600,896574423040,7362.5103330632555
EIMORM,W02,F3,rep-03,0.40265318399999983,1.0,0.9966435185185186,357,3650722201600,891205713920,5663.878669111
EIMORM,W02,F3,rep-04,0.4089166779733332,1.0,0.9966435185185186,359,3650722201600,897648164864,5667.157456126006
EIMORM,W02,F3,rep-05,0.3981792597333333,1.0,0.9966435185185186,360,3650722201600,904090615808,5667.841231886996
EIMORM,W02,F3,rep-06,0.40265318399999994,1.0,0.9966435185185186,358,3650722201600,893353197568,5663.5946697497275
EIMORM,W02,F3,rep-07,0.4169697416533332,1.0,0.9966435185185186,360,3650722201600,906238099456,7906.096076985705
EIMORM,W02,F3,rep-08,0.3883366263466665,1.0,0.9966435185185186,355,3650722201600,875099586560,7323.378173605306
EIMORM,W02,F3,rep-09,0.3767044232533333,1.0,0.9966435185185186,356,3650722201600,881542037504,5614.460090000648
EIMORM,W02,F3,rep-10,0.4151801719466666,1.0,0.9966435185185186,360,3650722201600,903016873984,5648.030749289319
EIMORM,W02,F3,rep-11,0.4008636142933332,1.0,0.9966435185185186,356,3650722201600,882615779328,7956.000360136386
EIMORM,W02,F3,rep-12,0.3928105506133333,1.0,0.9966435185185186,355,3650722201600,877247070208,5627.3097977828
EIMORM,W02,F3,rep-13,0.4098114628266666,1.0,0.9966435185185186,359,3650722201600,901943132160,5661.227895441698
EIMORM,W02,F3,rep-14,0.4089166779733332,1.0,0.9966435185185186,359,3650722201600,897648164864,5652.526593010407
EIMORM,W02,F3,rep-15,0.3910209809066666,1.0,0.9966435185185186,355,3650722201600,875099586560,7831.052095396444
EIMORM,W02,F3,rep-16,0.4071271082666665,1.0,0.9966435185185186,358,3650722201600,892279455744,7566.664940080955
EIMORM,W02,F3,rep-17,0.4178645265066665,1.0,0.9966435185185186,358,3650722201600,892279455744,5679.324110315065
EIMORM,W02,F3,rep-18,0.3946001203199999,1.0,0.9966435185185186,358,3650722201600,895500681216,5706.879451798159
EIMORM,W02,F3,rep-19,0.40533753855999993,1.0,0.9966435185185186,360,3650722201600,907311841280,8077.769683019142
EIMORM,W02,F3,rep-20,0.41875931135999983,1.0,0.9966435185185186,360,3650722201600,908385583104,5651.778919112985
EIMORM,W02,F3,rep-21,0.3972844748799998,1.0,0.9966435185185186,353,3650722201600,865435910144,5611.3775809062645
EIMORM,W02,F3,rep-22,0.4062323234133332,1.0,0.9966435185185186,357,3650722201600,884763262976,7487.458367817453
EIMORM,W02,F3,rep-23,0.40444275370666655,1.0,0.9966435185185186,357,3650722201600,883689521152,8171.805532227154
EIMORM,W02,F3,rep-24,0.4035479688533332,1.0,0.9966435185185186,357,3650722201600,886910746624,5655.0021331058815
EIMORM,W02,F3,rep-25,0.4169697416533331,1.0,0.9966435185185186,360,3650722201600,904090615808,5664.791751245502
EIMORM,W02,F3,rep-26,0.40623232341333315,1.0,0.9966435185185186,348,3650722201600,870804619264,7376.712621698971
EIMORM,W02,F3,rep-27,0.38833662634666655,1.0,0.9966435185185186,355,3650722201600,875099586560,5633.183170109987
EIMORM,W02,F3,rep-28,0.3847574869333332,1.0,0.9966435185185186,355,3650722201600,870804619264,5606.547884977772
EIMORM,W02,F3,rep-29,0.3981792597333333,1.0,0.9966435185185186,359,3650722201600,898721906688,5656.66070804582
EIMORM,W02,F3,rep-30,0.3856522717866665,1.0,0.9966435185185186,357,3650722201600,887984488448,5625.781157650636
EIMORM,W02,F4,rep-01,0.40175839914666645,1.0,0.9966435185185186,358,3650722201600,896574423040,5632.1228758461075
EIMORM,W02,F4,rep-02,0.39012619605333315,0.95,0.9572916666666669,359,3650722201600,896574423040,5675.920716923429
EIMORM,W02,F4,rep-03,0.40265318399999983,1.0,0.9966435185185186,357,3650722201600,891205713920,7573.969273871626
EIMORM,W02,F4,rep-04,0.4089166779733332,1.0,0.9966435185185186,359,3650722201600,897648164864,5758.936149941292
EIMORM,W02,F4,rep-05,0.3981792597333333,1.0,0.9966435185185186,360,3650722201600,904090615808,5635.686872003134
EIMORM,W02,F4,rep-06,0.40265318399999994,1.0,0.9966435185185186,358,3650722201600,893353197568,5674.351384252077
EIMORM,W02,F4,rep-07,0.4169697416533332,0.95,0.9572916666666669,360,3650722201600,906238099456,5694.331525082816
EIMORM,W02,F4,rep-08,0.3883366263466665,1.0,0.9966435185185186,355,3650722201600,875099586560,5661.81320558826
EIMORM,W02,F4,rep-09,0.3767044232533333,1.0,0.9966435185185186,356,3650722201600,881542037504,8321.090365745476
EIMORM,W02,F4,rep-10,0.4428588500764444,0.9375,0.8751157407407409,360,3446711255040,903016873984,5697.223152950755
EIMORM,W02,F4,rep-11,0.42796827148754435,0.9366666666666666,0.9584490740740742,356,3389802938368,882615779328,5662.602375799906
EIMORM,W02,F4,rep-12,0.3928105506133333,0.95,0.8820601851851854,355,3650722201600,877247070208,5713.329438003711
EIMORM,W02,F4,rep-13,0.4098114628266666,0.9291666666666667,0.9445601851851853,359,3650722201600,901943132160,5693.68432398187
EIMORM,W02,F4,rep-14,0.4089166779733332,1.0,0.9966435185185186,359,3650722201600,897648164864,5710.151582665276
EIMORM,W02,F4,rep-15,0.3910209809066666,1.0,0.9966435185185186,355,3650722201600,875099586560,5674.222943736822
EIMORM,W02,F4,rep-16,0.43426891548444424,0.9375,0.9584490740740742,358,3398392872960,892279455744,5665.9592759096995
EIMORM,W02,F4,rep-17,0.4178645265066665,1.0,0.9966435185185186,358,3650722201600,892279455744,8177.070846650167
EIMORM,W02,F4,rep-18,0.3946001203199999,1.0,0.9966435185185186,358,3650722201600,895500681216,5688.743928127224
EIMORM,W02,F4,rep-19,0.40533753855999993,0.925,0.9306712962962964,360,3650722201600,907311841280,5746.658362841117
EIMORM,W02,F4,rep-20,0.41875931135999983,0.9408333333333333,0.9630787037037037,360,3650722201600,908385583104,5712.961534052738
EIMORM,W02,F4,rep-21,0.4237701065386665,0.9375,0.9445601851851853,353,3446711255040,865435910144,5686.36421894189
EIMORM,W02,F4,rep-22,0.43331447830755543,0.9375,0.9584490740740742,357,3398392872960,884763262976,5773.969886184204
EIMORM,W02,F4,rep-23,0.40444275370666655,1.0,0.9966435185185186,357,3650722201600,883689521152,5696.956327868975
EIMORM,W02,F4,rep-24,0.43083413044839847,0.9366666666666666,0.9584490740740742,357,3389802938368,886910746624,5713.143495842814
EIMORM,W02,F4,rep-25,0.444767724430222,0.9375,0.9584490740740742,360,3398392872960,904090615808,5713.382977686706
EIMORM,W02,F4,rep-26,0.4333144783075554,0.9375,0.9445601851851853,348,3446711255040,870804619264,5610.519132911577
EIMORM,W02,F4,rep-27,0.4145942630035586,0.9366666666666666,0.9584490740740742,355,3389802938368,875099586560,5701.619368279353
EIMORM,W02,F4,rep-28,0.3847574869333332,0.9291666666666667,0.941087962962963,355,3650722201600,870804619264,8729.635251060245
EIMORM,W02,F4,rep-29,0.3981792597333333,0.9416666666666667,0.9480324074074075,359,3650722201600,898721906688,5720.351444819244
EIMORM,W02,F4,rep-30,0.3856522717866665,0.9283333333333333,0.9561342592592593,357,3650722201600,887984488448,5699.177013797453
EIMORM,W03,F0,rep-01,1.0996905847466962,1.0,0.9497569444444447,416,4101693767680,1029718409216,8505.386462798924
EIMORM,W03,F0,rep-02,1.0880583816533629,1.0,0.9497569444444447,417,4101693767680,1030792151040,6336.658066094969
EIMORM,W03,F0,rep-03,1.1005853696000296,1.0,0.9497569444444447,418,4101693767680,1031865892864,6031.290848288336
EIMORM,W03,F0,rep-04,1.1068488635733629,1.0,0.9497569444444447,417,4101693767680,1032939634688,10287.688785989303
EIMORM,W03,F0,rep-05,1.096111445333363,1.0,0.9497569444444447,415,4101693767680,1030792151040,6021.016574159148
EIMORM,W03,F0,rep-06,1.1005853696000296,1.0,0.9497569444444447,418,4101693767680,1031865892864,6052.75361603708
EIMORM,W03,F0,rep-07,1.114901927253363,1.0,0.9497569444444447,414,4101693767680,1030792151040,9237.008871874423
EIMORM,W03,F0,rep-08,1.0862688119466961,1.0,0.9497569444444447,422,4101693767680,1030792151040,6092.51975287043
EIMORM,W03,F0,rep-09,1.074636608853363,1.0,0.9497569444444447,421,4101693767680,1031865892864,6097.816527093528
EIMORM,W03,F0,rep-10,1.1131123575466964,1.0,0.9497569444444447,415,4101693767680,1029718409216,9397.570163244382
EIMORM,W03,F0,rep-11,1.0987957998933628,1.0,0.9497569444444447,418,4101693767680,1025423441920,6053.602239044267
EIMORM,W03,F0,rep-12,1.090742736213363,1.0,0.9497569444444447,420,4101693767680,1026497183744,6129.60753616062
EIMORM,W03,F0,rep-13,1.1077436484266963,1.0,0.9497569444444447,415,4101693767680,1030792151040,9629.229388141539
EIMORM,W03,F0,rep-14,1.1068488635733629,1.0,0.9497569444444447,417,4101693767680,1030792151040,6071.510288136778
EIMORM,W03,F0,rep-15,1.0889531665066963,1.0,0.9497569444444447,421,4101693767680,1029718409216,6102.906977219391
EIMORM,W03,F0,rep-16,1.1050592938666963,1.0,0.9497569444444447,417,4101693767680,1028644667392,6044.022435104125
EIMORM,W03,F0,rep-17,1.1157967121066963,1.0,0.9497569444444447,417,4101693767680,1028644667392,6065.116875310196
EIMORM,W03,F0,rep-18,1.0925323059200296,1.0,0.9497569444444447,417,4101693767680,1030792151040,10591.306304791942
EIMORM,W03,F0,rep-19,1.1032697241600296,1.0,0.9497569444444447,414,4101693767680,1031865892864,6068.643435020931
EIMORM,W03,F0,rep-20,1.1166914969600295,1.0,0.9497569444444447,413,4101693767680,1030792151040,6050.016075911117
EIMORM,W03,F0,rep-21,1.0952166604800295,1.0,0.9497569444444447,421,4101693767680,1024349700096,10626.97422587371
EIMORM,W03,F0,rep-22,1.104164509013363,1.0,0.9497569444444447,419,4101693767680,1028644667392,6065.832698834129
EIMORM,W03,F0,rep-23,1.1023749393066962,1.0,0.9497569444444447,421,4101693767680,1031865892864,6100.282964122016
EIMORM,W03,F0,rep-24,1.101480154453363,1.0,0.9497569444444447,419,4101693767680,1030792151040,6102.473169768928
EIMORM,W03,F0,rep-25,1.114901927253363,1.0,0.9497569444444447,415,4101693767680,1030792151040,6087.299535240163
EIMORM,W03,F0,rep-26,1.104164509013363,1.0,0.9497569444444447,417,4101693767680,1029718409216,6035.243597943918
EIMORM,W03,F0,rep-27,1.0862688119466963,1.0,0.9497569444444447,416,4101693767680,1016833507328,6128.351081060828
EIMORM,W03,F0,rep-28,1.082689672533363,1.0,0.9497569444444447,421,4101693767680,1025423441920,11294.375585988746
EIMORM,W03,F0,rep-29,1.096111445333363,1.0,0.9497569444444447,416,4101693767680,1029718409216,6030.16873409797
EIMORM,W03,F0,rep-30,1.0835844573866962,1.0,0.9497569444444447,418,4101693767680,1029718409216,6081.892544651055
EIMORM,W03,F1,rep-01,1.1230882567625833,0.9791666666666666,0.937604166666667,416,4016868163584,1029718409216,6042.34150404227
EIMORM,W03,F1,rep-02,1.111208559986413,0.9791666666666666,0.9376041666666667,417,4019015647232,1030792151040,6073.220383521402
EIMORM,W03,F1,rep-03,1.1005853696000296,0.9808333333333333,0.9323958333333336,418,4101693767680,1031865892864,11575.363924872363
EIMORM,W03,F1,rep-04,1.1303988393940727,0.9791666666666666,0.9141666666666667,417,4034048032768,1032939634688,6030.616086936789
EIMORM,W03,F1,rep-05,1.096111445333363,1.0,0.9497569444444447,415,4101693767680,1030792151040,6032.80376305338
EIMORM,W03,F1,rep-06,1.1005853696000296,1.0,0.9497569444444447,418,4101693767680,1031865892864,6087.26260921685
EIMORM,W03,F1,rep-07,1.1386232448544984,0.9791666666666666,0.9341319444444447,414,4035121774592,1030792151040,6055.7909009366995
EIMORM,W03,F1,rep-08,1.1093809143285407,0.9791666666666666,0.9141666666666667,422,4034048032768,1030792151040,6071.485287044197
EIMORM,W03,F1,rep-09,1.074636608853363,1.0,0.9497569444444447,421,4101693767680,1031865892864,6083.988779922947
EIMORM,W03,F1,rep-10,1.136795599196626,0.9791666666666666,0.9141666666666667,415,4034048032768,1029718409216,13545.744535076665
EIMORM,W03,F1,rep-11,1.1221744339336472,0.9791666666666666,0.9376041666666667,418,4019015647232,1025423441920,6035.904786796891
EIMORM,W03,F1,rep-12,1.090742736213363,1.0,0.9497569444444447,420,4101693767680,1026497183744,6072.954082061187
EIMORM,W03,F1,rep-13,1.1077436484266963,1.0,0.9497569444444447,415,4101693767680,1030792151040,13741.296660213266
EIMORM,W03,F1,rep-14,1.1124109181641837,0.9791666666666666,0.9347106481481485,417,4063039062016,1030792151040,6011.217033796129
EIMORM,W03,F1,rep-15,1.1121223828153493,0.9791666666666666,0.9141666666666667,421,4034048032768,1029718409216,14235.678019060288
EIMORM,W03,F1,rep-16,1.1285711937362004,0.9791666666666666,0.9341319444444447,417,4035121774592,1028644667392,6045.980758994119
EIMORM,W03,F1,rep-17,1.1157967121066963,1.0,0.9497569444444447,417,4101693767680,1028644667392,6039.664845156949
EIMORM,W03,F1,rep-18,1.0925323059200296,1.0,0.9497569444444447,417,4101693767680,1030792151040,6036.062094819499
EIMORM,W03,F1,rep-19,1.1032697241600296,1.0,0.9497569444444447,414,4101693767680,1031865892864,6044.309233053355
EIMORM,W03,F1,rep-20,1.1404508905123705,0.9791666666666666,0.9341319444444447,413,4035121774592,1030792151040,6042.452257650439
EIMORM,W03,F1,rep-21,1.0952166604800295,1.0,0.9497569444444447,421,4101693767680,1024349700096,6024.150833225576
EIMORM,W03,F1,rep-22,1.104164509013363,1.0,0.9497569444444447,419,4101693767680,1028644667392,6021.312380136806
EIMORM,W03,F1,rep-23,1.1258297252493918,0.9791666666666666,0.9341319444444447,421,4035121774592,1031865892864,6047.242106462363
EIMORM,W03,F1,rep-24,1.1249159024204558,0.9791666666666666,0.9341319444444447,419,4035121774592,1030792151040,14448.978771659313
EIMORM,W03,F1,rep-25,1.1386232448544984,0.9791666666666666,0.9376041666666667,415,4019015647232,1030792151040,6025.300018853159
EIMORM,W03,F1,rep-26,1.120346788275775,0.9791666666666666,0.937604166666667,417,4016868163584,1029718409216,5975.693995991605
EIMORM,W03,F1,rep-27,1.0862688119466963,1.0,0.9497569444444447,416,4101693767680,1016833507328,5974.505423917435
EIMORM,W03,F1,rep-28,1.082689672533363,0.9825,0.9141666666666669,421,4101693767680,1025423441920,6037.811458780197
EIMORM,W03,F1,rep-29,1.096111445333363,1.0,0.9497569444444447,416,4101693767680,1029718409216,6027.074091456598
EIMORM,W03,F1,rep-30,1.0835844573866962,0.9825,0.9159027777777777,418,4101693767680,1029718409216,6006.321148597635
EIMORM,W03,F2,rep-01,1.0429535279713504,0.9283333333333333,0.9068923611111114,415,3868691791872,1029718409216,6253.283753001597
EIMORM,W03,F2,rep-02,1.0492529753824855,0.9483333333333334,0.9179166666666668,417,3882650435584,1030792151040,6013.371674227528
EIMORM,W03,F2,rep-03,1.086768154620477,0.9616666666666667,0.8840711805555559,418,3956738621440,1032939634688,5979.992937122006
EIMORM,W03,F2,rep-04,1.0812243454216308,0.955,0.9148524305555559,417,3937411268608,1032939634688,6023.463457531761
EIMORM,W03,F2,rep-05,1.0624392784842376,0.9475,0.9108593750000004,415,3920231399424,1030792151040,5969.36905226903
EIMORM,W03,F2,rep-06,1.0737418240000247,0.95,0.8814670138888893,417,3926673850368,1030792151040,5959.766865009442
EIMORM,W03,F2,rep-07,1.0822187331368691,0.95,0.9173784722222225,414,3920231399424,1030792151040,5943.839164334349
EIMORM,W03,F2,rep-08,1.0634443871525974,0.9533333333333334,0.9203385416666671,421,3923452624896,1029718409216,5963.110508950194
EIMORM,W03,F2,rep-09,1.0484662971927046,0.9558333333333333,0.9238888888888893,421,3905199013888,1031865892864,6018.539891607361
EIMORM,W03,F2,rep-10,1.0812834698226785,0.9458333333333333,0.9168489583333336,415,3888019144704,1030792151040,5953.259422152769
EIMORM,W03,F2,rep-11,1.077489613961631,0.9533333333333334,0.8801649305555559,418,3939558752256,1025423441920,14321.414992329665
EIMORM,W03,F2,rep-12,1.0634443871525998,0.9541666666666667,0.918559027777778,419,3935263784960,1026497183744,5986.549262073822
EIMORM,W03,F2,rep-13,1.0932644026182083,0.9625,0.9276649305555558,415,3940632494080,1030792151040,15340.542743651895
EIMORM,W03,F2,rep-14,1.086847652714934,0.9533333333333334,0.8801649305555559,416,3941706235904,1029718409216,5969.189154013293
EIMORM,W03,F2,rep-15,1.0671831915672156,0.9533333333333334,0.8801649305555559,421,3939558752256,1029718409216,5954.626628983533
EIMORM,W03,F2,rep-16,1.064256472197906,0.9408333333333333,0.8775607638888893,417,3901977788416,1028644667392,5955.62691023224
EIMORM,W03,F2,rep-17,1.091528305827404,0.9558333333333333,0.9212847222222226,417,3905199013888,1028644667392,5947.107101121219
EIMORM,W03,F2,rep-18,1.0746714706008949,0.9625,0.9226128472222226,416,3922378883072,1030792151040,5962.066488194978
EIMORM,W03,F2,rep-19,1.0756272354556875,0.9466666666666667,0.8788628472222225,414,3924526366720,1031865892864,5972.1631733409595
EIMORM,W03,F2,rep-20,1.0718447536396045,0.9433333333333334,0.9202083333333336,412,3865470566400,1029718409216,5948.316688125487
EIMORM,W03,F2,rep-21,1.0821086434078189,0.96,0.8814670138888893,421,3958886105088,1024349700096,5956.918167503318
EIMORM,W03,F2,rep-22,1.0699776107695274,0.9491666666666667,0.9178298611111114,419,3903051530240,1028644667392,5932.38424192532
EIMORM,W03,F2,rep-23,1.0604740521235918,0.9375,0.9109288194444446,421,3885871661056,1031865892864,5956.94799037301
EIMORM,W03,F2,rep-24,1.083030248083074,0.9583333333333334,0.9148003472222225,419,3954591137792,1030792151040,5952.07122262218
EIMORM,W03,F2,rep-25,1.1016553896152776,0.9616666666666667,0.8840711805555559,415,3956738621440,1030792151040,5932.744293299038
EIMORM,W03,F2,rep-26,1.0784183998885297,0.9566666666666667,0.9173524305555558,418,3937411268608,1031865892864,5894.687300460646
EIMORM,W03,F2,rep-27,1.0653313136292686,0.9558333333333333,0.9217968750000002,416,3927747592192,1016833507328,5911.20931005571
EIMORM,W03,F2,rep-28,1.0550192115501587,0.9533333333333334,0.8801649305555559,421,3934190043136,1025423441920,5975.709246238694
EIMORM,W03,F2,rep-29,1.0643805177750958,0.9541666666666667,0.9203993055555558,416,3897682821120,1029718409216,5935.164082737174
EIMORM,W03,F2,rep-30,1.0559863021062073,0.955,0.920494791666667,418,3920231399424,1029718409216,5943.0492129176855
EIMORM,W03,F3,rep-01,1.0996905847466962,1.0,0.9497569444444447,416,4101693767680,1029718409216,5941.892575123347
EIMORM,W03,F3,rep-02,1.0880583816533629,1.0,0.9497569444444447,417,4101693767680,1030792151040,5968.786158744479
EIMORM,W03,F3,rep-03,1.1005853696000296,1.0,0.9497569444444447,418,4101693767680,1031865892864,6259.463990078075
EIMORM,W03,F3,rep-04,1.1068488635733629,1.0,0.9497569444444447,417,4101693767680,1032939634688,5942.391658871202
EIMORM,W03,F3,rep-05,1.096111445333363,1.0,0.9497569444444447,415,4101693767680,1030792151040,5984.128005045932
EIMORM,W03,F3,rep-06,1.1005853696000296,1.0,0.9497569444444447,418,4101693767680,1031865892864,5978.853269072715
EIMORM,W03,F3,rep-07,1.114901927253363,1.0,0.9497569444444447,414,4101693767680,1030792151040,5968.430630833609
EIMORM,W03,F3,rep-08,1.0862688119466961,1.0,0.9497569444444447,422,4101693767680,1030792151040,16128.597522416385
EIMORM,W03,F3,rep-09,1.074636608853363,1.0,0.9497569444444447,421,4101693767680,1031865892864,6017.424654477509
EIMORM,W03,F3,rep-10,1.1131123575466964,1.0,0.9497569444444447,415,4101693767680,1029718409216,16598.20763580501
EIMORM,W03,F3,rep-11,1.0987957998933628,1.0,0.9497569444444447,418,4101693767680,1025423441920,6015.171263832599
EIMORM,W03,F3,rep-12,1.090742736213363,1.0,0.9497569444444447,420,4101693767680,1026497183744,6065.839702729136
EIMORM,W03,F3,rep-13,1.1077436484266963,1.0,0.9497569444444447,415,4101693767680,1030792151040,6107.861260214122
EIMORM,W03,F3,rep-14,1.1068488635733629,1.0,0.9497569444444447,417,4101693767680,1030792151040,6031.033634004416
EIMORM,W03,F3,rep-15,1.0889531665066963,1.0,0.9497569444444447,421,4101693767680,1029718409216,6011.904757178854
EIMORM,W03,F3,rep-16,1.1050592938666963,1.0,0.9497569444444447,417,4101693767680,1028644667392,6303.419454663526
EIMORM,W03,F3,rep-17,1.1157967121066963,1.0,0.9497569444444447,417,4101693767680,1028644667392,6140.423393138917
EIMORM,W03,F3,rep-18,1.0925323059200296,1.0,0.9497569444444447,417,4101693767680,1030792151040,6205.217601091135
EIMORM,W03,F3,rep-19,1.1032697241600296,1.0,0.9497569444444447,414,4101693767680,1031865892864,6049.237128696404
EIMORM,W03,F3,rep-20,1.1166914969600295,1.0,0.9497569444444447,413,4101693767680,1030792151040,6163.468094018754
EIMORM,W03,F3,rep-21,1.0952166604800295,1.0,0.9497569444444447,421,4101693767680,1024349700096,49693.024253152544
EIMORM,W03,F3,rep-22,1.104164509013363,1.0,0.9497569444444447,419,4101693767680,1028644667392,6192.5280705909245
EIMORM,W03,F3,rep-23,1.1023749393066962,1.0,0.9497569444444447,421,4101693767680,1031865892864,18079.0409836045
EIMORM,W03,F3,rep-24,1.101480154453363,1.0,0.9497569444444447,419,4101693767680,1030792151040,6073.086317977868
EIMORM,W03,F3,rep-25,1.114901927253363,1.0,0.9497569444444447,415,4101693767680,1030792151040,17553.890865587164
EIMORM,W03,F3,rep-26,1.104164509013363,1.0,0.9497569444444447,417,4101693767680,1029718409216,5993.149042420555
EIMORM,W03,F3,rep-27,1.0862688119466963,1.0,0.9497569444444447,416,4101693767680,1016833507328,6072.639219724806
EIMORM,W03,F3,rep-28,1.082689672533363,1.0,0.9497569444444447,421,4101693767680,1025423441920,6365.553833864396
EIMORM,W03,F3,rep-29,1.096111445333363,1.0,0.9497569444444447,416,4101693767680,1029718409216,6296.604827890405
EIMORM,W03,F3,rep-30,1.0835844573866962,1.0,0.9497569444444447,418,4101693767680,1029718409216,6243.160548590822
EIMORM,W03,F4,rep-01,1.0996905847466962,1.0,0.9497569444444447,416,4101693767680,1029718409216,6116.767940984573
EIMORM,W03,F4,rep-02,1.0467820725749162,0.9375,0.9124305555555559,417,4005057003520,1030792151040,6143.517504679039
EIMORM,W03,F4,rep-03,1.1005853696000296,1.0,0.9497569444444447,418,4101693767680,1031865892864,6089.623127336381
EIMORM,W03,F4,rep-04,1.1068488635733629,1.0,0.9497569444444447,417,4101693767680,1032939634688,6245.202270511072
EIMORM,W03,F4,rep-05,1.096111445333363,1.0,0.9497569444444447,415,4101693767680,1030792151040,6252.462754229782
EIMORM,W03,F4,rep-06,1.1005853696000296,1.0,0.9497569444444447,418,4101693767680,1031865892864,6263.625034247525
EIMORM,W03,F4,rep-07,1.0746714706008902,0.9375,0.9124305555555559,414,4005057003520,1030792151040,6244.50534870266
EIMORM,W03,F4,rep-08,1.0862688119466961,1.0,0.9497569444444447,422,4101693767680,1030792151040,6356.160400056979
EIMORM,W03,F4,rep-09,1.074636608853363,1.0,0.9497569444444447,421,4101693767680,1031865892864,6106.973319343524
EIMORM,W03,F4,rep-10,1.101420502129803,0.9375,0.8195486111111113,415,3849364439040,1029718409216,6265.418608061736
EIMORM,W03,F4,rep-11,1.0727865376797454,0.9366666666666666,0.9132986111111112,418,3776349995008,1025423441920,6082.809835555963
EIMORM,W03,F4,rep-12,1.0495710123775137,0.925,0.8221527777777778,420,4005057003520,1026497183744,23555.347911838908
EIMORM,W03,F4,rep-13,1.0532895987809816,0.9166666666666666,0.8924652777777781,415,3988950876160,1030792151040,6064.424291340401
EIMORM,W03,F4,rep-14,1.1068488635733629,1.0,0.9497569444444447,417,4101693767680,1030792151040,23578.740045777522
EIMORM,W03,F4,rep-15,1.0889531665066963,1.0,0.9497569444444447,421,4101693767680,1029718409216,6373.834362253547
EIMORM,W03,F4,rep-16,1.092830567537803,0.9375,0.9132986111111112,417,3801046056960,1028644667392,6270.04582475638
EIMORM,W03,F4,rep-17,1.1157967121066963,1.0,0.9497569444444447,417,4101693767680,1028644667392,6279.402192070847
EIMORM,W03,F4,rep-18,1.0925323059200296,1.0,0.9497569444444447,417,4101693767680,1030792151040,6232.247314532287
EIMORM,W03,F4,rep-19,1.0486413657766527,0.925,0.8872569444444447,414,3988950876160,1031865892864,6285.412717523286
EIMORM,W03,F4,rep-20,1.0625860647896397,0.9283333333333333,0.9115625000000002,413,3988950876160,1030792151040,6109.499605867313
EIMORM,W03,F4,rep-21,1.0680152009386967,0.9375,0.9028819444444447,421,3833258311680,1024349700096,6285.918004170526
EIMORM,W03,F4,rep-22,1.091876130360914,0.9375,0.9132986111111112,419,3801046056960,1028644667392,19267.56225520512
EIMORM,W03,F4,rep-23,1.1023749393066962,1.0,0.9497569444444447,421,4101693767680,1031865892864,25419.775363698136
EIMORM,W03,F4,rep-24,1.0756523966405995,0.9366666666666666,0.9132986111111112,419,3776349995008,1030792151040,6308.5885020846035
EIMORM,W03,F4,rep-25,1.1033293764835805,0.9375,0.9132986111111112,415,3801046056960,1030792151040,25008.573915576562
EIMORM,W03,F4,rep-26,1.0775595727075855,0.9375,0.9028819444444447,417,3833258311680,1029718409216,6261.8902712420095
EIMORM,W03,F4,rep-27,1.0594125291957597,0.9366666666666666,0.9132986111111112,416,3776349995008,1016833507328,33314.67169261305
EIMORM,W03,F4,rep-28,1.0272594939567392,0.9416666666666667,0.9002777777777781,421,3988950876160,1025423441920,6324.16329724947
EIMORM,W03,F4,rep-29,1.0412041929697264,0.9041666666666667,0.8898611111111113,416,3988950876160,1029718409216,6504.748434264911
EIMORM,W03,F4,rep-30,1.028189140557605,0.9408333333333333,0.9115625000000002,418,3988950876160,1029718409216,6305.227962322533
HRS,W01,F0,rep-01,4.445291151359967,1.0,0.9835416666666669,160,5334349381632,230854492160,3584.021668000009
HRS,W01,F0,rep-02,4.445291151359967,1.0,0.9835416666666669,161,5334349381632,231928233984,3687.891240000372
HRS,W01,F0,rep-03,4.445291151359967,1.0,0.9835416666666669,159,5334349381632,226559524864,3688.2442140007424
HRS,W01,F0,rep-04,4.445291151359967,1.0,0.9835416666666669,161,5334349381632,223338299392,3701.944306999394
HRS,W01,F0,rep-05,4.445291151359967,1.0,0.9835416666666669,161,5334349381632,231928233984,3737.9992460013227
HRS,W01,F0,rep-06,4.445291151359967,1.0,0.9835416666666669,163,5334349381632,230854492160,3818.602110999791
HRS,W01,F0,rep-07,4.445291151359967,1.0,0.9835416666666669,166,5334349381632,235149459456,3889.2390789981164
HRS,W01,F0,rep-08,4.445291151359967,1.0,0.9835416666666669,157,5334349381632,217969590272,3781.1466009983405
HRS,W01,F0,rep-09,4.445291151359967,1.0,0.9835416666666669,159,5334349381632,227633266688,3770.450835002066
HRS,W01,F0,rep-10,4.445291151359967,1.0,0.9835416666666669,159,5334349381632,229780750336,3794.517710000946
HRS,W01,F0,rep-11,4.445291151359967,1.0,0.9835416666666669,162,5334349381632,228707008512,3773.980616000131
HRS,W01,F0,rep-12,4.445291151359967,1.0,0.9835416666666669,164,5334349381632,223338299392,3898.971602001893
HRS,W01,F0,rep-13,4.445291151359967,1.0,0.9835416666666669,164,5334349381632,229780750336,3924.1852329982976
HRS,W01,F0,rep-14,4.445291151359967,1.0,0.9835416666666669,164,5334349381632,233001975808,3945.844031998149
HRS,W01,F0,rep-15,4.445291151359967,1.0,0.9835416666666669,161,5334349381632,233001975808,3924.176411000417
HRS,W01,F0,rep-16,4.445291151359967,1.0,0.9835416666666669,165,5334349381632,226559524864,3897.846121002658
HRS,W01,F0,rep-17,4.445291151359967,1.0,0.9835416666666669,157,5334349381632,223338299392,3714.4080120017406
HRS,W01,F0,rep-18,4.445291151359967,1.0,0.9835416666666669,156,5334349381632,228707008512,3820.331192002868
HRS,W01,F0,rep-19,4.445291151359967,1.0,0.9835416666666669,159,5334349381632,239444426752,3873.4783499990044
HRS,W01,F0,rep-20,4.445291151359967,1.0,0.9835416666666669,161,5334349381632,222264557568,3770.552879999741
HRS,W01,F0,rep-21,4.445291151359967,1.0,0.9835416666666669,165,5334349381632,235149459456,3954.264045987202
HRS,W01,F0,rep-22,4.445291151359967,1.0,0.9835416666666669,162,5334349381632,224412041216,3792.130044002988
HRS,W01,F0,rep-23,4.445291151359967,1.0,0.9835416666666669,161,5334349381632,230854492160,3774.265899994589
HRS,W01,F0,rep-24,4.445291151359967,1.0,0.9835416666666669,165,5334349381632,231928233984,3863.4570659905876
HRS,W01,F0,rep-25,4.445291151359967,1.0,0.9835416666666669,165,5334349381632,229780750336,3863.466580010936
HRS,W01,F0,rep-26,4.445291151359967,1.0,0.9835416666666669,154,5334349381632,216895848448,3711.7731680104953
HRS,W01,F0,rep-27,4.445291151359967,1.0,0.9835416666666669,164,5334349381632,234075717632,3880.6683610027903
HRS,W01,F0,rep-28,4.445291151359967,1.0,0.9835416666666669,160,5334349381632,235149459456,3814.656824982194
HRS,W01,F0,rep-29,4.445291151359967,1.0,0.9835416666666669,163,5334349381632,233001975808,3859.319695002341
HRS,W01,F0,rep-30,4.445291151359967,1.0,0.9835416666666669,160,5334349381632,222264557568,3837.8728270076863
HRS,W01,F1,rep-01,4.443006594287627,0.9791666666666666,0.973125,160,5220532748288,230854492160,3821.819810994384
HRS,W01,F1,rep-02,4.445748062774435,0.9791666666666666,0.973125,161,5223753973760,231928233984,3872.8333400054
HRS,W01,F1,rep-03,4.436972400709863,0.9766666666666667,0.9685416666666672,159,5200131653632,226559524864,3823.086408000563
HRS,W01,F1,rep-04,4.448489531261243,0.9791666666666666,0.9314583333333334,161,5226975199232,223338299392,3639.694042998144
HRS,W01,F1,rep-05,4.445291151359967,1.0,0.9835416666666669,161,5334349381632,231928233984,3852.0979619966056
HRS,W01,F1,rep-06,4.445291151359967,1.0,0.9835416666666669,163,5334349381632,230854492160,3900.7811120136466
HRS,W01,F1,rep-07,4.443920417116562,0.9791666666666666,0.9731250000000002,166,5221606490112,235149459456,3921.1271919994033
HRS,W01,F1,rep-08,4.448489531261243,0.9791666666666666,0.9314583333333334,157,5226975199232,217969590272,3600.2079760073684
HRS,W01,F1,rep-09,4.445291151359967,1.0,0.9835416666666669,159,5334349381632,227633266688,3856.984749008916
HRS,W01,F1,rep-10,4.448489531261243,0.9791666666666666,0.9314583333333334,159,5226975199232,229780750336,3601.7934740211786
HRS,W01,F1,rep-11,4.445748062774435,0.9791666666666666,0.973125,162,5223753973760,228707008512,3923.8310390046536
HRS,W01,F1,rep-12,4.445291151359967,1.0,0.9835416666666669,164,5334349381632,223338299392,3668.768535999334
HRS,W01,F1,rep-13,4.445291151359967,1.0,0.9835416666666669,164,5334349381632,229780750336,3947.522035995462
HRS,W01,F1,rep-14,4.428037863931589,0.975,0.966875,164,5180804300800,233001975808,3658.778649009946
HRS,W01,F1,rep-15,4.448489531261243,0.9791666666666666,0.9314583333333334,161,5226975199232,233001975808,3935.239043011279
HRS,W01,F1,rep-16,4.443920417116562,0.9791666666666666,0.9731250000000002,165,5221606490112,226559524864,3997.927153008277
HRS,W01,F1,rep-17,4.445291151359967,1.0,0.9835416666666669,157,5334349381632,223338299392,3581.278755996209
HRS,W01,F1,rep-18,4.445291151359967,1.0,0.9835416666666669,156,5334349381632,228707008512,3560.7078560124137
HRS,W01,F1,rep-19,4.445291151359967,1.0,0.9835416666666669,159,5334349381632,239444426752,3959.642128991618
HRS,W01,F1,rep-20,4.443920417116562,0.9791666666666666,0.9731250000000002,161,5221606490112,222264557568,3630.7401219937674
HRS,W01,F1,rep-21,4.445291151359967,1.0,0.9835416666666669,165,5334349381632,235149459456,3667.497731997173
HRS,W01,F1,rep-22,4.445291151359967,1.0,0.9835416666666669,162,5334349381632,224412041216,4009.6404069981872
HRS,W01,F1,rep-23,4.443920417116562,0.9791666666666666,0.9731250000000002,161,5221606490112,230854492160,3996.782543002155
HRS,W01,F1,rep-24,4.443920417116562,0.9791666666666666,0.9731250000000002,165,5221606490112,231928233984,3677.4446799990983
HRS,W01,F1,rep-25,4.445748062774435,0.9791666666666666,0.973125,165,5223753973760,229780750336,3682.4975760055167
HRS,W01,F1,rep-26,4.443006594287627,0.9791666666666666,0.973125,154,5220532748288,216895848448,3554.833223002788
HRS,W01,F1,rep-27,4.445291151359967,1.0,0.9835416666666669,164,5334349381632,234075717632,3667.0815089883035
HRS,W01,F1,rep-28,4.43525978026299,0.9758333333333333,0.9297916666666666,160,5193689202688,235149459456,3616.5069830194625
HRS,W01,F1,rep-29,4.445291151359967,1.0,0.9835416666666669,163,5334349381632,233001975808,4052.8235960027814
HRS,W01,F1,rep-30,4.433544232259796,0.975,0.9293750000000002,160,5187246751744,222264557568,4041.673448009533
HRS,W01,F2,rep-01,4.457879848606865,0.9666666666666667,0.9604166666666667,160,5171140624384,230854492160,3628.1761889958943
HRS,W01,F2,rep-02,4.45510293009652,0.9666666666666667,0.9629166666666668,161,5167919398912,231928233984,4041.8932820048212
HRS,W01,F2,rep-03,4.471764441158588,0.9666666666666667,0.904166666666667,159,5187246751744,226559524864,3615.729529024975
HRS,W01,F2,rep-04,4.449816073727084,0.965,0.9585416666666667,161,5152887013376,223338299392,3643.840241989892
HRS,W01,F2,rep-05,4.464067772585166,0.9683333333333334,0.9610416666666667,161,5187246751744,231928233984,3637.2873739655915
HRS,W01,F2,rep-06,4.459514744353214,0.9625,0.901041666666667,163,5150739529728,230854492160,3668.280041008984
HRS,W01,F2,rep-07,4.459731127613761,0.9666666666666667,0.9616666666666667,166,5173288108032,235149459456,3685.3659190092003
HRS,W01,F2,rep-08,4.469461883047259,0.9691666666666666,0.9616666666666667,157,5197984169984,217969590272,3587.598741003603
HRS,W01,F2,rep-09,4.460514054394455,0.9675,0.9622916666666668,159,5178656817152,227633266688,4077.982910021092
HRS,W01,F2,rep-10,4.459589212168788,0.9675,0.9616666666666667,159,5177583075328,229780750336,3599.0667170426605
HRS,W01,F2,rep-11,4.4618701701968595,0.965,0.902916666666667,162,5166845657088,228707008512,3646.471369012943
HRS,W01,F2,rep-12,4.4543146590094596,0.9658333333333333,0.9610416666666667,164,5162550689792,223338299392,3670.69503507264
HRS,W01,F2,rep-13,4.458805488110312,0.9666666666666667,0.9604166666666667,164,5172214366208,229780750336,3679.3511010364455
HRS,W01,F2,rep-14,4.460942932006876,0.965,0.902916666666667,164,5165771915264,233001975808,3740.6320539394073
HRS,W01,F2,rep-15,4.465874299127996,0.9633333333333334,0.902291666666667,161,5162550689792,233001975808,4137.057137972079
HRS,W01,F2,rep-16,4.460942932006876,0.965,0.902916666666667,165,5165771915264,226559524864,4216.5539439774875
HRS,W01,F2,rep-17,4.452461782695395,0.9658333333333333,0.9572916666666668,157,5160403206144,223338299392,3572.5768259999313
HRS,W01,F2,rep-18,4.451535344538364,0.9658333333333333,0.9591666666666667,156,5159329464320,228707008512,3561.523358021077
HRS,W01,F2,rep-19,4.468061883144795,0.9666666666666667,0.904166666666667,159,5182951784448,239444426752,3594.832789962311
HRS,W01,F2,rep-20,4.452461782695395,0.9658333333333333,0.9622916666666668,161,5160403206144,222264557568,3639.816748962403
HRS,W01,F2,rep-21,4.46557912295679,0.965,0.902916666666667,165,5171140624384,235149459456,3670.587895981953
HRS,W01,F2,rep-22,4.446499691941093,0.9625,0.9560416666666667,162,5135707144192,224412041216,3645.030655003211
HRS,W01,F2,rep-23,4.45908845562691,0.965,0.9579166666666667,161,5163624431616,230854492160,4194.126103009694
HRS,W01,F2,rep-24,4.449816073727084,0.965,0.9591666666666667,165,5152887013376,231928233984,4253.16466797085
HRS,W01,F2,rep-25,4.463724646576824,0.965,0.902916666666667,165,5168993140736,229780750336,3683.8675609851634
HRS,W01,F2,rep-26,4.459589212168789,0.9675,0.9610416666666667,154,5177583075328,216895848448,4131.259918991418
HRS,W01,F2,rep-27,4.462652602422746,0.9658333333333333,0.9604166666666667,164,5172214366208,234075717632,3669.7433620320226
HRS,W01,F2,rep-28,4.460942932006876,0.965,0.902916666666667,160,5165771915264,235149459456,3615.281550981308
HRS,W01,F2,rep-29,4.451535344538364,0.9658333333333333,0.9610416666666667,163,5159329464320,233001975808,3650.9005799907754
HRS,W01,F2,rep-30,4.45537950286698,0.965,0.9572916666666668,160,5159329464320,222264557568,4213.089374019546
HRS,W01,F3,rep-01,4.445291151359967,1.0,0.9835416666666669,160,5334349381632,230854492160,3626.6069089706434
HRS,W01,F3,rep-02,4.445291151359967,1.0,0.9835416666666669,161,5334349381632,231928233984,3625.249594990237
HRS,W01,F3,rep-03,4.445291151359967,1.0,0.9835416666666669,159,5334349381632,226559524864,4233.006792985179
HRS,W01,F3,rep-04,4.445291151359967,1.0,0.9835416666666669,161,5334349381632,223338299392,3627.595614987513
HRS,W01,F3,rep-05,4.445291151359967,1.0,0.9835416666666669,161,5334349381632,231928233984,3621.110033020159
HRS,W01,F3,rep-06,4.445291151359967,1.0,0.9835416666666669,163,5334349381632,230854492160,3651.319438020437
HRS,W01,F3,rep-07,4.445291151359967,1.0,0.9835416666666669,166,5334349381632,235149459456,3695.749870952568
HRS,W01,F3,rep-08,4.445291151359967,1.0,0.9835416666666669,157,5334349381632,217969590272,4260.205622029389
HRS,W01,F3,rep-09,4.445291151359967,1.0,0.9835416666666669,159,5334349381632,227633266688,3644.183921020158
HRS,W01,F3,rep-10,4.445291151359967,1.0,0.9835416666666669,159,5334349381632,229780750336,4286.77121889632
HRS,W01,F3,rep-11,4.445291151359967,1.0,0.9835416666666669,162,5334349381632,228707008512,3659.0266180537583
HRS,W01,F3,rep-12,4.445291151359967,1.0,0.9835416666666669,164,5334349381632,223338299392,3677.2426219649788
HRS,W01,F3,rep-13,4.445291151359967,1.0,0.9835416666666669,164,5334349381632,229780750336,4363.237192021188
HRS,W01,F3,rep-14,4.445291151359967,1.0,0.9835416666666669,164,5334349381632,233001975808,4376.110231994971
HRS,W01,F3,rep-15,4.445291151359967,1.0,0.9835416666666669,161,5334349381632,233001975808,3673.4932280269277
HRS,W01,F3,rep-16,4.445291151359967,1.0,0.9835416666666669,165,5334349381632,226559524864,3694.350665959064
HRS,W01,F3,rep-17,4.445291151359967,1.0,0.9835416666666669,157,5334349381632,223338299392,3583.1335759939975
HRS,W01,F3,rep-18,4.445291151359967,1.0,0.9835416666666669,156,5334349381632,228707008512,3578.876660027163
HRS,W01,F3,rep-19,4.445291151359967,1.0,0.9835416666666669,159,5334349381632,239444426752,3613.1116819015006
HRS,W01,F3,rep-20,4.445291151359967,1.0,0.9835416666666669,161,5334349381632,222264557568,3636.972671993135
HRS,W01,F3,rep-21,4.445291151359967,1.0,0.9835416666666669,165,5334349381632,235149459456,3672.5078830859275
HRS,W01,F3,rep-22,4.445291151359967,1.0,0.9835416666666669,162,5334349381632,224412041216,3627.01865796771
HRS,W01,F3,rep-23,4.445291151359967,1.0,0.9835416666666669,161,5334349381632,230854492160,3642.8405080732773
HRS,W01,F3,rep-24,4.445291151359967,1.0,0.9835416666666669,165,5334349381632,231928233984,3681.3462220015936
HRS,W01,F3,rep-25,4.445291151359967,1.0,0.9835416666666669,165,5334349381632,229780750336,3685.4541580214573
HRS,W01,F3,rep-26,4.445291151359967,1.0,0.9835416666666669,154,5334349381632,216895848448,4300.485821997427
HRS,W01,F3,rep-27,4.445291151359967,1.0,0.9835416666666669,164,5334349381632,234075717632,3657.010547023674
HRS,W01,F3,rep-28,4.445291151359967,1.0,0.9835416666666669,160,5334349381632,235149459456,3623.162640091323
HRS,W01,F3,rep-29,4.445291151359967,1.0,0.9835416666666669,163,5334349381632,233001975808,3666.3898900042113
HRS,W01,F3,rep-30,4.445291151359967,1.0,0.9835416666666669,160,5334349381632,222264557568,4432.11143507142
HRS,W01,F4,rep-01,4.445291151359967,1.0,0.9835416666666669,160,5334349381632,230854492160,3611.6484169251635
HRS,W01,F4,rep-02,4.435644700748635,0.935,0.9397916666666668,161,4976793354240,231928233984,3621.7768660208094
HRS,W01,F4,rep-03,4.445291151359967,1.0,0.9835416666666669,159,5334349381632,226559524864,3600.018754015764
HRS,W01,F4,rep-04,4.445291151359967,1.0,0.9835416666666669,161,5334349381632,223338299392,3619.7284309819224
HRS,W01,F4,rep-05,4.445291151359967,1.0,0.9835416666666669,161,5334349381632,231928233984,3624.067076987558
HRS,W01,F4,rep-06,4.445291151359967,1.0,0.9835416666666669,163,5334349381632,230854492160,4475.28880200116
HRS,W01,F4,rep-07,4.387196476180806,0.9216666666666666,0.927291666666667,166,4852239302656,235149459456,3694.879793027212
HRS,W01,F4,rep-08,4.445291151359967,1.0,0.9835416666666669,157,5334349381632,217969590272,4404.129385973647
HRS,W01,F4,rep-09,4.445291151359967,1.0,0.9835416666666669,159,5334349381632,227633266688,3604.5081169213518
HRS,W01,F4,rep-10,4.455312741717306,0.9375,0.827291666666667,159,5012226834432,229780750336,3592.1885909519915
HRS,W01,F4,rep-11,4.434439098761537,0.9366666666666666,0.9522916666666668,162,4984309547008,228707008512,4509.681781986728
HRS,W01,F4,rep-12,4.422311339816686,0.9275,0.822291666666667,164,4922032521216,223338299392,3672.7672519991756
HRS,W01,F4,rep-13,4.421628529930265,0.9325,0.9372916666666669,164,4947802324992,229780750336,3650.7668539343285
HRS,W01,F4,rep-14,4.445291151359967,1.0,0.9835416666666669,164,5334349381632,233001975808,3663.7403700806317
HRS,W01,F4,rep-15,4.445291151359967,1.0,0.9835416666666669,161,5334349381632,233001975808,3613.300012948457
HRS,W01,F4,rep-16,4.446722807125305,0.9375,0.9522916666666668,165,5002563158016,226559524864,3669.565338965185
HRS,W01,F4,rep-17,4.445291151359967,1.0,0.9835416666666669,157,5334349381632,223338299392,3581.810756917548
HRS,W01,F4,rep-18,4.445291151359967,1.0,0.9835416666666669,156,5334349381632,228707008512,3561.607894993358
HRS,W01,F4,rep-19,4.413309808860188,0.93,0.9335416666666668,159,4925253746688,239444426752,3591.688075033744
HRS,W01,F4,rep-20,4.403785974127326,0.9291666666666667,0.9410416666666669,161,4910221361152,222264557568,3613.23283801903
HRS,W01,F4,rep-21,4.4409961840639705,0.9375,0.9522916666666668,165,4996120707072,235149459456,3678.4547869647213
HRS,W01,F4,rep-22,4.446722807125305,0.9375,0.9522916666666668,162,5002563158016,224412041216,4565.497528059495
HRS,W01,F4,rep-23,4.445291151359967,1.0,0.9835416666666669,161,5334349381632,230854492160,3597.784006011352
HRS,W01,F4,rep-24,4.434439098761537,0.9366666666666666,0.9522916666666668,165,4984309547008,231928233984,3671.5823510457994
HRS,W01,F4,rep-25,4.446722807125305,0.9375,0.9522916666666668,165,5002563158016,229780750336,3681.437257073412
HRS,W01,F4,rep-26,4.4409961840639705,0.9375,0.9522916666666668,154,4996120707072,216895848448,3519.627276000392
HRS,W01,F4,rep-27,4.434439098761537,0.9366666666666666,0.9522916666666668,164,4984309547008,234075717632,3673.8103859279363
HRS,W01,F4,rep-28,4.421969017118249,0.93,0.9335416666666668,160,4934917423104,235149459456,3620.3035559919954
HRS,W01,F4,rep-29,4.438515668192483,0.935,0.9447916666666667,163,4980014579712,233001975808,3642.956467996555
HRS,W01,F4,rep-30,4.389851605063995,0.9241666666666667,0.9335416666666668,160,4868345430016,222264557568,3624.774461019115
HRS,W02,F0,rep-01,3.0422685013332487,1.0,0.9966435185185186,126,3650722201600,113816633344,3232.969535903976
HRS,W02,F0,rep-02,3.0422685013332487,1.0,0.9966435185185186,125,3650722201600,104152956928,3216.4387869634083
HRS,W02,F0,rep-03,3.0422685013332487,1.0,0.9966435185185186,125,3650722201600,105226698752,4213.765556942235
HRS,W02,F0,rep-04,3.0422685013332487,1.0,0.9966435185185186,127,3650722201600,120259084288,4255.762934044469
HRS,W02,F0,rep-05,3.0422685013332487,1.0,0.9966435185185186,122,3650722201600,92341796864,4188.494298941805
HRS,W02,F0,rep-06,3.0422685013332487,1.0,0.9966435185185186,129,3650722201600,120259084288,3261.7315530224005
HRS,W02,F0,rep-07,3.0422685013332487,1.0,0.9966435185185186,130,3650722201600,127775277056,3264.0654019705835
HRS,W02,F0,rep-08,3.0422685013332487,1.0,0.9966435185185186,130,3650722201600,126701535232,3265.884858876234
HRS,W02,F0,rep-09,3.0422685013332487,1.0,0.9966435185185186,124,3650722201600,109521666048,3199.8574510071194
HRS,W02,F0,rep-10,3.0422685013332487,1.0,0.9966435185185186,128,3650722201600,123480309760,3274.367574136704
HRS,W02,F0,rep-11,3.0422685013332487,1.0,0.9966435185185186,127,3650722201600,120259084288,3233.3140789560275
HRS,W02,F0,rep-12,3.0422685013332487,1.0,0.9966435185185186,126,3650722201600,98784247808,3205.195742972137
HRS,W02,F0,rep-13,3.0422685013332487,1.0,0.9966435185185186,131,3650722201600,129922760704,3282.8268720186315
HRS,W02,F0,rep-14,3.0422685013332487,1.0,0.9966435185185186,124,3650722201600,93415538688,3197.854200079746
HRS,W02,F0,rep-15,3.0422685013332487,1.0,0.9966435185185186,128,3650722201600,119185342464,3258.805074947304
HRS,W02,F0,rep-16,3.0422685013332487,1.0,0.9966435185185186,126,3650722201600,107374182400,3221.12492879387
HRS,W02,F0,rep-17,3.0422685013332487,1.0,0.9966435185185186,126,3650722201600,139586437120,4352.784928865731
HRS,W02,F0,rep-18,3.0422685013332487,1.0,0.9966435185185186,126,3650722201600,115964116992,3208.479139037081
HRS,W02,F0,rep-19,3.0422685013332487,1.0,0.9966435185185186,122,3650722201600,100931731456,3203.0538990075
HRS,W02,F0,rep-20,3.0422685013332487,1.0,0.9966435185185186,127,3650722201600,126701535232,4370.128841146652
HRS,W02,F0,rep-21,3.0422685013332487,1.0,0.9966435185185186,129,3650722201600,117037858816,3256.5344428512617
HRS,W02,F0,rep-22,3.0422685013332487,1.0,0.9966435185185186,125,3650722201600,111669149696,3216.467873957299
HRS,W02,F0,rep-23,3.0422685013332487,1.0,0.9966435185185186,123,3650722201600,102005473280,3169.08813209011
HRS,W02,F0,rep-24,3.0422685013332487,1.0,0.9966435185185186,128,3650722201600,127775277056,3254.254706087522
HRS,W02,F0,rep-25,3.0422685013332487,1.0,0.9966435185185186,132,3650722201600,134217728000,4877.646798995556
HRS,W02,F0,rep-26,3.0422685013332487,1.0,0.9966435185185186,117,3650722201600,70866960384,3118.1659058493096
HRS,W02,F0,rep-27,3.0422685013332487,1.0,0.9966435185185186,127,3650722201600,121332826112,3240.7520351116545
HRS,W02,F0,rep-28,3.0422685013332487,1.0,0.9966435185185186,128,3650722201600,112742891520,4432.266398864158
HRS,W02,F0,rep-29,3.0422685013332487,1.0,0.9966435185185186,125,3650722201600,94489280512,4404.665532085346
HRS,W02,F0,rep-30,3.0422685013332487,1.0,0.9966435185185186,127,3650722201600,117037858816,3229.4877499516588
HRS,W02,F1,rep-01,3.034805614896933,0.9791666666666666,0.9839120370370372,126,3565896597504,113816633344,3235.059400089085
HRS,W02,F1,rep-02,3.0366332605548054,0.9791666666666666,0.9839120370370371,125,3568044081152,104152956928,3220.6050579916337
HRS,W02,F1,rep-03,3.050340602988849,0.9791666666666666,0.9781249999999999,125,3584150208512,105226698752,3220.666259119753
HRS,W02,F1,rep-04,3.049426780159912,0.9791666666666666,0.9561342592592591,127,3583076466688,120259084288,3234.874074056279
HRS,W02,F1,rep-05,3.0422685013332487,1.0,0.9966435185185186,122,3650722201600,92341796864,3165.94559209625
HRS,W02,F1,rep-06,3.0422685013332487,1.0,0.9966435185185186,129,3650722201600,120259084288,3363.8551990006818
HRS,W02,F1,rep-07,3.050340602988849,0.9791666666666666,0.9792824074074074,130,3584150208512,127775277056,3271.618392995151
HRS,W02,F1,rep-08,3.049426780159912,0.9791666666666666,0.9561342592592591,130,3583076466688,126701535232,3271.2538149935426
HRS,W02,F1,rep-09,3.0422685013332487,1.0,0.9966435185185186,124,3650722201600,109521666048,3194.4835760441492
HRS,W02,F1,rep-10,3.049426780159912,0.9791666666666666,0.9561342592592591,128,3583076466688,123480309760,3239.003888927982
HRS,W02,F1,rep-11,3.0366332605548054,0.9791666666666666,0.9839120370370371,127,3568044081152,120259084288,3231.0748869058443
HRS,W02,F1,rep-12,3.0422685013332487,1.0,0.9966435185185186,126,3650722201600,98784247808,3217.2658500130638
HRS,W02,F1,rep-13,3.0422685013332487,1.0,0.9966435185185186,131,3650722201600,129922760704,3271.9758540188195
HRS,W02,F1,rep-14,3.034805614896933,0.9791666666666666,0.9839120370370372,124,3565896597504,93415538688,3198.5751459069434
HRS,W02,F1,rep-15,3.049426780159912,0.9791666666666666,0.9561342592592591,128,3583076466688,119185342464,3251.675200997852
HRS,W02,F1,rep-16,3.050340602988849,0.9791666666666666,0.9792824074074074,126,3584150208512,107374182400,3197.078992925526
HRS,W02,F1,rep-17,3.0422685013332487,1.0,0.9966435185185186,126,3650722201600,139586437120,4816.707064972434
HRS,W02,F1,rep-18,3.0422685013332487,1.0,0.9966435185185186,126,3650722201600,115964116992,3212.0621531430515
HRS,W02,F1,rep-19,3.0422685013332487,1.0,0.9966435185185186,122,3650722201600,100931731456,3153.6902070001815
HRS,W02,F1,rep-20,3.050340602988849,0.9791666666666666,0.9792824074074074,127,3584150208512,126701535232,4567.997850928805
HRS,W02,F1,rep-21,3.0422685013332487,1.0,0.9966435185185186,129,3650722201600,117037858816,3237.834943982307
HRS,W02,F1,rep-22,3.0422685013332487,1.0,0.9966435185185186,125,3650722201600,111669149696,3195.8660491000046
HRS,W02,F1,rep-23,3.050340602988849,0.9791666666666666,0.9792824074074074,123,3584150208512,102005473280,3170.5340309854364
HRS,W02,F1,rep-24,3.050340602988849,0.9791666666666666,0.9792824074074074,128,3584150208512,127775277056,3224.6604750689585
HRS,W02,F1,rep-25,3.0366332605548054,0.9791666666666666,0.9839120370370371,132,3568044081152,134217728000,3273.818256086088
HRS,W02,F1,rep-26,3.034805614896933,0.9791666666666666,0.9839120370370372,117,3565896597504,70866960384,3103.0232558769058
HRS,W02,F1,rep-27,3.0422685013332487,1.0,0.9966435185185186,127,3650722201600,121332826112,4995.661303917586
HRS,W02,F1,rep-28,3.049426780159912,0.9791666666666666,0.9561342592592591,128,3583076466688,112742891520,4628.634955806774
HRS,W02,F1,rep-29,3.0422685013332487,1.0,0.9966435185185186,125,3650722201600,94489280512,3194.0763260645326
HRS,W02,F1,rep-30,3.049426780159912,0.9791666666666666,0.9561342592592591,127,3583076466688,117037858816,3200.614539993694
HRS,W02,F2,rep-01,3.0522703956525374,0.9691666666666666,0.9688657407407408,126,3549790470144,113816633344,3198.0959541906486
HRS,W02,F2,rep-02,3.0271757447709993,0.9683333333333334,0.9775462962962966,125,3517578215424,104152956928,3210.8147309336346
HRS,W02,F2,rep-03,3.0530490417348553,0.9683333333333334,0.9358796296296299,125,3547642986496,105226698752,3181.630768995092
HRS,W02,F2,rep-04,3.0522703956525374,0.9691666666666666,0.970601851851852,127,3549790470144,120259084288,3193.240361964854
HRS,W02,F2,rep-05,3.0522703956525374,0.9691666666666666,0.9653935185185186,122,3549790470144,92341796864,3156.4595940581057
HRS,W02,F2,rep-06,3.0530490417348553,0.9683333333333334,0.9358796296296299,129,3547642986496,120259084288,3255.0903128794744
HRS,W02,F2,rep-07,3.0522703956525374,0.9691666666666666,0.9688657407407408,130,3549790470144,127775277056,3269.7674569644732
HRS,W02,F2,rep-08,3.0365751153361145,0.9691666666666666,0.9775462962962966,130,3531536859136,126701535232,3246.6003512308816
HRS,W02,F2,rep-09,3.0271757447709993,0.9683333333333334,0.9758101851851855,124,3517578215424,109521666048,3178.7942119844956
HRS,W02,F2,rep-10,3.0271757447709993,0.9683333333333334,0.9775462962962966,128,3517578215424,123480309760,3236.695385989151
HRS,W02,F2,rep-11,3.0530490417348553,0.9683333333333334,0.9358796296296299,127,3547642986496,120259084288,3251.2367180388537
HRS,W02,F2,rep-12,3.0522703956525374,0.9691666666666666,0.970601851851852,126,3549790470144,98784247808,3207.9768938419875
HRS,W02,F2,rep-13,3.0365751153361145,0.9691666666666666,0.9775462962962966,131,3531536859136,129922760704,3254.618141996616
HRS,W02,F2,rep-14,3.0530490417348553,0.9683333333333334,0.9358796296296299,124,3547642986496,93415538688,3185.609637075686
HRS,W02,F2,rep-15,3.045050215903197,0.965,0.9289351851851855,128,3526168150016,119185342464,3245.2234110969584
HRS,W02,F2,rep-16,3.0530490417348553,0.9683333333333334,0.9358796296296299,126,3547642986496,107374182400,3206.635876878863
HRS,W02,F2,rep-17,3.0271757447709993,0.9683333333333334,0.9740740740740743,126,3517578215424,139586437120,3196.8446600803873
HRS,W02,F2,rep-18,3.0271757447709993,0.9683333333333334,0.9740740740740743,126,3517578215424,115964116992,3205.785047961399
HRS,W02,F2,rep-19,3.0530490417348553,0.9683333333333334,0.9358796296296299,122,3547642986496,100931731456,3144.7489478450734
HRS,W02,F2,rep-20,3.0271757447709993,0.9683333333333334,0.9775462962962966,127,3517578215424,126701535232,3246.7776629928267
HRS,W02,F2,rep-21,3.0530490417348553,0.9683333333333334,0.9358796296296299,129,3547642986496,117037858816,3238.2474601108697
HRS,W02,F2,rep-22,3.0222129787585352,0.9666666666666667,0.9694444444444448,125,3505767055360,111669149696,3196.8914659810252
HRS,W02,F2,rep-23,3.0365751153361145,0.9691666666666666,0.9775462962962966,123,3531536859136,102005473280,3188.5369241426815
HRS,W02,F2,rep-24,3.0522703956525374,0.9691666666666666,0.9671296296296297,128,3549790470144,127775277056,3222.1926109996275
HRS,W02,F2,rep-25,3.0530490417348553,0.9683333333333334,0.9358796296296299,132,3547642986496,134217728000,3274.1003660703427
HRS,W02,F2,rep-26,3.0522703956525374,0.9691666666666666,0.970601851851852,117,3549790470144,70866960384,3086.3604728729115
HRS,W02,F2,rep-27,3.0365751153361145,0.9691666666666666,0.9758101851851855,127,3531536859136,121332826112,3207.785700033128
HRS,W02,F2,rep-28,3.0530490417348553,0.9683333333333334,0.9358796296296299,128,3547642986496,112742891520,3213.5809478131705
HRS,W02,F2,rep-29,3.0271757447709993,0.9683333333333334,0.9775462962962966,125,3517578215424,94489280512,3200.2842519432306
HRS,W02,F2,rep-30,3.0365751153361145,0.9691666666666666,0.9758101851851855,127,3531536859136,117037858816,3216.078292178281
HRS,W02,F3,rep-01,3.0422685013332487,1.0,0.9966435185185186,126,3650722201600,113816633344,3187.9225660159136
HRS,W02,F3,rep-02,3.0422685013332487,1.0,0.9966435185185186,125,3650722201600,104152956928,3199.579859894584
HRS,W02,F3,rep-03,3.0422685013332487,1.0,0.9966435185185186,125,3650722201600,105226698752,3211.3058700197143
HRS,W02,F3,rep-04,3.0422685013332487,1.0,0.9966435185185186,127,3650722201600,120259084288,5335.960634947696
HRS,W02,F3,rep-05,3.0422685013332487,1.0,0.9966435185185186,122,3650722201600,92341796864,3147.7565858513117
HRS,W02,F3,rep-06,3.0422685013332487,1.0,0.9966435185185186,129,3650722201600,120259084288,3221.6932290029945
HRS,W02,F3,rep-07,3.0422685013332487,1.0,0.9966435185185186,130,3650722201600,127775277056,3423.712053147028
HRS,W02,F3,rep-08,3.0422685013332487,1.0,0.9966435185185186,130,3650722201600,126701535232,3251.445242072805
HRS,W02,F3,rep-09,3.0422685013332487,1.0,0.9966435185185186,124,3650722201600,109521666048,3175.007122437819
HRS,W02,F3,rep-10,3.0422685013332487,1.0,0.9966435185185186,128,3650722201600,123480309760,3215.4060269676847
HRS,W02,F3,rep-11,3.0422685013332487,1.0,0.9966435185185186,127,3650722201600,120259084288,3196.1915201391093
HRS,W02,F3,rep-12,3.0422685013332487,1.0,0.9966435185185186,126,3650722201600,98784247808,3202.6452683639945
HRS,W02,F3,rep-13,3.0422685013332487,1.0,0.9966435185185186,131,3650722201600,129922760704,5014.13945920649
HRS,W02,F3,rep-14,3.0422685013332487,1.0,0.9966435185185186,124,3650722201600,93415538688,3166.7942800413584
HRS,W02,F3,rep-15,3.0422685013332487,1.0,0.9966435185185186,128,3650722201600,119185342464,3225.0276950362604
HRS,W02,F3,rep-16,3.0422685013332487,1.0,0.9966435185185186,126,3650722201600,107374182400,3202.905427417136
HRS,W02,F3,rep-17,3.0422685013332487,1.0,0.9966435185185186,126,3650722201600,139586437120,3173.02187308087
HRS,W02,F3,rep-18,3.0422685013332487,1.0,0.9966435185185186,126,3650722201600,115964116992,3193.3569260436343
HRS,W02,F3,rep-19,3.0422685013332487,1.0,0.9966435185185186,122,3650722201600,100931731456,3139.737021905603
HRS,W02,F3,rep-20,3.0422685013332487,1.0,0.9966435185185186,127,3650722201600,126701535232,3209.6778349077795
HRS,W02,F3,rep-21,3.0422685013332487,1.0,0.9966435185185186,129,3650722201600,117037858816,3263.1485121819424
HRS,W02,F3,rep-22,3.0422685013332487,1.0,0.9966435185185186,125,3650722201600,111669149696,3178.994748246623
HRS,W02,F3,rep-23,3.0422685013332487,1.0,0.9966435185185186,123,3650722201600,102005473280,3163.2542240113253
HRS,W02,F3,rep-24,3.0422685013332487,1.0,0.9966435185185186,128,3650722201600,127775277056,3216.589462972479
HRS,W02,F3,rep-25,3.0422685013332487,1.0,0.9966435185185186,132,3650722201600,134217728000,3258.0422782048117
HRS,W02,F3,rep-26,3.0422685013332487,1.0,0.9966435185185186,117,3650722201600,70866960384,3093.891327866004
HRS,W02,F3,rep-27,3.0422685013332487,1.0,0.9966435185185186,127,3650722201600,121332826112,3374.8843730718363
HRS,W02,F3,rep-28,3.0422685013332487,1.0,0.9966435185185186,128,3650722201600,112742891520,5688.960562925786
HRS,W02,F3,rep-29,3.0422685013332487,1.0,0.9966435185185186,125,3650722201600,94489280512,3175.5467351467814
HRS,W02,F3,rep-30,3.0422685013332487,1.0,0.9966435185185186,127,3650722201600,117037858816,3220.13271083415
HRS,W02,F4,rep-01,3.0422685013332487,1.0,0.9966435185185186,126,3650722201600,113816633344,5848.1174931366695
HRS,W02,F4,rep-02,3.0207936648532603,0.9375,0.9584490740740742,125,3398392872960,104152956928,3198.2235925243003
HRS,W02,F4,rep-03,3.0422685013332487,1.0,0.9966435185185186,125,3650722201600,105226698752,3178.2629510125844
HRS,W02,F4,rep-04,3.0422685013332487,1.0,0.9966435185185186,127,3650722201600,120259084288,3220.5838818335906
HRS,W02,F4,rep-05,3.0422685013332487,1.0,0.9966435185185186,122,3650722201600,92341796864,3160.2203388902126
HRS,W02,F4,rep-06,3.0422685013332487,1.0,0.9966435185185186,129,3650722201600,120259084288,3254.6275320637506
HRS,W02,F4,rep-07,3.0207936648532603,0.9375,0.9584490740740742,130,3398392872960,127775277056,3252.7567310462473
HRS,W02,F4,rep-08,3.0422685013332487,1.0,0.9966435185185186,130,3650722201600,126701535232,5287.204224267043
HRS,W02,F4,rep-09,3.0422685013332487,1.0,0.9966435185185186,124,3650722201600,109521666048,3186.504174838774
HRS,W02,F4,rep-10,3.0637433378132575,0.9375,0.8751157407407409,128,3446711255040,123480309760,3249.597487229039
HRS,W02,F4,rep-11,3.015838913138717,0.9366666666666666,0.9584490740740742,127,3389802938368,120259084288,3221.9886941747973
HRS,W02,F4,rep-12,3.0637433378132575,0.9375,0.8751157407407409,126,3446711255040,98784247808,3276.4284151489846
HRS,W02,F4,rep-13,3.0637433378132575,0.9375,0.9445601851851853,131,3446711255040,129922760704,6308.178927065455
HRS,W02,F4,rep-14,3.0422685013332487,1.0,0.9966435185185186,124,3650722201600,93415538688,3186.6837869602023
HRS,W02,F4,rep-15,3.0422685013332487,1.0,0.9966435185185186,128,3650722201600,119185342464,3263.118063812726
HRS,W02,F4,rep-16,3.0207936648532603,0.9375,0.9584490740740742,126,3398392872960,107374182400,3216.2921769195236
HRS,W02,F4,rep-17,3.0422685013332487,1.0,0.9966435185185186,126,3650722201600,139586437120,3244.6884913515532
HRS,W02,F4,rep-18,3.0422685013332487,1.0,0.9966435185185186,126,3650722201600,115964116992,3210.892635208438
HRS,W02,F4,rep-19,3.0637433378132575,0.9375,0.9376157407407408,122,3446711255040,100931731456,3424.879593279911
HRS,W02,F4,rep-20,3.015838913138717,0.9366666666666666,0.9584490740740742,127,3389802938368,126701535232,3243.0896860023495
HRS,W02,F4,rep-21,3.0637433378132575,0.9375,0.9445601851851853,129,3446711255040,117037858816,3278.2834552635904
HRS,W02,F4,rep-22,3.0207936648532603,0.9375,0.9584490740740742,125,3398392872960,111669149696,3211.7245775007177
HRS,W02,F4,rep-23,3.0422685013332487,1.0,0.9966435185185186,123,3650722201600,102005473280,3194.8774652701104
HRS,W02,F4,rep-24,3.015838913138717,0.9366666666666666,0.9584490740740742,128,3389802938368,127775277056,5813.809198050876
HRS,W02,F4,rep-25,3.0207936648532603,0.9375,0.9584490740740742,132,3398392872960,134217728000,3304.401665664045
HRS,W02,F4,rep-26,3.0637433378132575,0.9375,0.9445601851851853,117,3446711255040,70866960384,3163.7106022099033
HRS,W02,F4,rep-27,3.015838913138717,0.9366666666666666,0.9584490740740742,127,3389802938368,121332826112,3266.3970689609414
HRS,W02,F4,rep-28,3.0637433378132575,0.9375,0.941087962962963,128,3446711255040,112742891520,3268.612128129462
HRS,W02,F4,rep-29,3.0637433378132575,0.9375,0.941087962962963,125,3446711255040,94489280512,3222.1106669749133
HRS,W02,F4,rep-30,3.015838913138717,0.9366666666666666,0.9584490740740742,127,3389802938368,117037858816,3258.1814311852213
HRS,W03,F0,rep-01,3.418078139733371,1.0,0.9497569444444447,137,4101693767680,139586437120,3278.5883117612684
HRS,W03,F0,rep-02,3.418078139733371,1.0,0.9497569444444447,133,4101693767680,123480309760,3285.9344928729115
HRS,W03,F0,rep-03,3.418078139733371,1.0,0.9497569444444447,129,4101693767680,115964116992,6817.199292738223
HRS,W03,F0,rep-04,3.418078139733371,1.0,0.9497569444444447,136,4101693767680,140660178944,3323.1194841791876
HRS,W03,F0,rep-05,3.418078139733371,1.0,0.9497569444444447,132,4101693767680,115964116992,3245.1672052702634
HRS,W03,F0,rep-06,3.418078139733371,1.0,0.9497569444444447,137,4101693767680,139586437120,3340.839312018943
HRS,W03,F0,rep-07,3.418078139733371,1.0,0.9497569444444447,140,4101693767680,151397597184,3345.9751601913013
HRS,W03,F0,rep-08,3.418078139733371,1.0,0.9497569444444447,133,4101693767680,134217728000,3309.2355809931178
HRS,W03,F0,rep-09,3.418078139733371,1.0,0.9497569444444447,133,4101693767680,130996502528,3412.1854567783885
HRS,W03,F0,rep-10,3.418078139733371,1.0,0.9497569444444447,139,4101693767680,149250113536,3345.1704102772055
HRS,W03,F0,rep-11,3.418078139733371,1.0,0.9497569444444447,137,4101693767680,143881404416,3324.286427217885
HRS,W03,F0,rep-12,3.418078139733371,1.0,0.9497569444444447,133,4101693767680,114890375168,3290.6441807572264
HRS,W03,F0,rep-13,3.418078139733371,1.0,0.9497569444444447,139,4101693767680,149250113536,3376.2474150862545
HRS,W03,F0,rep-14,3.418078139733371,1.0,0.9497569444444447,133,4101693767680,114890375168,3267.454005064792
HRS,W03,F0,rep-15,3.418078139733371,1.0,0.9497569444444447,135,4101693767680,135291469824,3332.707590147038
HRS,W03,F0,rep-16,3.418078139733371,1.0,0.9497569444444447,134,4101693767680,125627793408,3299.114433961222
HRS,W03,F0,rep-17,3.418078139733371,1.0,0.9497569444444447,133,4101693767680,154618822656,8154.227973151137
HRS,W03,F0,rep-18,3.418078139733371,1.0,0.9497569444444447,135,4101693767680,137438953472,3298.9758759358665
HRS,W03,F0,rep-19,3.418078139733371,1.0,0.9497569444444447,129,4101693767680,117037858816,3229.7251481795684
HRS,W03,F0,rep-20,3.418078139733371,1.0,0.9497569444444447,136,4101693767680,148176371712,3316.350574896205
HRS,W03,F0,rep-21,3.418078139733371,1.0,0.9497569444444447,136,4101693767680,132070244352,3311.3415100815473
HRS,W03,F0,rep-22,3.418078139733371,1.0,0.9497569444444447,135,4101693767680,134217728000,3298.7386279419297
HRS,W03,F0,rep-23,3.418078139733371,1.0,0.9497569444444447,134,4101693767680,127775277056,3282.0395158341853
HRS,W03,F0,rep-24,3.418078139733371,1.0,0.9497569444444447,138,4101693767680,151397597184,3342.1118540136376
HRS,W03,F0,rep-25,3.418078139733371,1.0,0.9497569444444447,141,4101693767680,155692564480,3379.432561181602
HRS,W03,F0,rep-26,3.418078139733371,1.0,0.9497569444444447,121,4101693767680,79456894976,3179.25807692518
HRS,W03,F0,rep-27,3.418078139733371,1.0,0.9497569444444447,133,4101693767680,134217728000,7985.102617822122
HRS,W03,F0,rep-28,3.418078139733371,1.0,0.9497569444444447,135,4101693767680,129922760704,3328.1226598192006
HRS,W03,F0,rep-29,3.418078139733371,1.0,0.9497569444444447,136,4101693767680,120259084288,3311.7848412075546
HRS,W03,F0,rep-30,3.418078139733371,1.0,0.9497569444444447,135,4101693767680,135291469824,3293.696583074052
HRS,W03,F1,rep-01,3.4186112030502502,0.9791666666666666,0.937604166666667,137,4016868163584,139586437120,3307.0298192178598
HRS,W03,F1,rep-02,3.4204388487081228,0.9791666666666666,0.9376041666666667,133,4019015647232,123480309760,3279.331896075746
HRS,W03,F1,rep-03,3.4341461911421653,0.9791666666666666,0.9306597222222227,129,4035121774592,115964116992,3242.3090180236613
HRS,W03,F1,rep-04,3.4332323683132295,0.9791666666666666,0.9141666666666667,136,4034048032768,140660178944,3308.1972551881336
HRS,W03,F1,rep-05,3.418078139733371,1.0,0.9497569444444447,132,4101693767680,115964116992,3230.8025898382766
HRS,W03,F1,rep-06,3.418078139733371,1.0,0.9497569444444447,137,4101693767680,139586437120,3334.8090567596955
HRS,W03,F1,rep-07,3.4341461911421653,0.9791666666666666,0.9341319444444447,140,4035121774592,151397597184,3357.7723173511913
HRS,W03,F1,rep-08,3.4332323683132295,0.9791666666666666,0.9141666666666667,133,4034048032768,134217728000,3310.4556158505147
HRS,W03,F1,rep-09,3.418078139733371,1.0,0.9497569444444447,133,4101693767680,130996502528,3280.0436318211723
HRS,W03,F1,rep-10,3.4332323683132295,0.9791666666666666,0.9141666666666667,139,4034048032768,149250113536,3345.936657860875
HRS,W03,F1,rep-11,3.4204388487081228,0.9791666666666666,0.9376041666666667,137,4019015647232,143881404416,3355.6125800823793
HRS,W03,F1,rep-12,3.418078139733371,1.0,0.9497569444444447,133,4101693767680,114890375168,3430.113451642683
HRS,W03,F1,rep-13,3.418078139733371,1.0,0.9497569444444447,139,4101693767680,149250113536,3370.860458147945
HRS,W03,F1,rep-14,3.4186112030502502,0.9791666666666666,0.9358680555555559,133,4016868163584,114890375168,3265.1174398488365
HRS,W03,F1,rep-15,3.4332323683132295,0.9791666666666666,0.9141666666666667,135,4034048032768,135291469824,3336.4516951551195
HRS,W03,F1,rep-16,3.4341461911421653,0.9791666666666666,0.9341319444444447,134,4035121774592,125627793408,3289.2393485235516
HRS,W03,F1,rep-17,3.418078139733371,1.0,0.9497569444444447,133,4101693767680,154618822656,3261.471829828224
HRS,W03,F1,rep-18,3.418078139733371,1.0,0.9497569444444447,135,4101693767680,137438953472,3290.4688629787415
HRS,W03,F1,rep-19,3.418078139733371,1.0,0.9497569444444447,129,4101693767680,117037858816,3204.5508520532167
HRS,W03,F1,rep-20,3.4341461911421653,0.9791666666666666,0.9341319444444447,136,4035121774592,148176371712,3279.061683744658
HRS,W03,F1,rep-21,3.418078139733371,1.0,0.9497569444444447,136,4101693767680,132070244352,3304.8306291166227
HRS,W03,F1,rep-22,3.418078139733371,1.0,0.9497569444444447,135,4101693767680,134217728000,3270.075082909898
HRS,W03,F1,rep-23,3.4341461911421653,0.9791666666666666,0.9341319444444447,134,4035121774592,127775277056,3242.788927949732
HRS,W03,F1,rep-24,3.4341461911421653,0.9791666666666666,0.9341319444444447,138,4035121774592,151397597184,3292.0636256894795
HRS,W03,F1,rep-25,3.4204388487081228,0.9791666666666666,0.9376041666666667,141,4019015647232,155692564480,3339.648216191563
HRS,W03,F1,rep-26,3.4186112030502502,0.9791666666666666,0.937604166666667,121,4016868163584,79456894976,3143.683974762098
HRS,W03,F1,rep-27,3.418078139733371,1.0,0.9497569444444447,133,4101693767680,134217728000,3269.6233301830944
HRS,W03,F1,rep-28,3.4332323683132295,0.9791666666666666,0.9124305555555557,135,4034048032768,129922760704,3275.170174150844
HRS,W03,F1,rep-29,3.418078139733371,1.0,0.9497569444444447,136,4101693767680,120259084288,3289.3864524376113
HRS,W03,F1,rep-30,3.4332323683132295,0.9791666666666666,0.9141666666666667,135,4034048032768,135291469824,3299.890645459527
HRS,W03,F2,rep-01,3.4665697059785283,0.93,0.9094965277777781,137,3868691791872,139586437120,3283.82879239507
HRS,W03,F2,rep-02,3.4058337154246003,0.95,0.9239930555555557,133,3882650435584,123480309760,3257.4142197263427
HRS,W03,F2,rep-03,3.4287163097400706,0.9616666666666667,0.8840711805555559,129,3956738621440,115964116992,3223.484432150144
HRS,W03,F2,rep-04,3.429800756627215,0.9566666666666667,0.9200607638888892,136,3937411268608,140660178944,3282.712832442485
HRS,W03,F2,rep-05,3.4387994731789835,0.95,0.9134635416666671,132,3920231399424,115964116992,3209.2787098372355
HRS,W03,F2,rep-06,3.4444507459368765,0.95,0.8814670138888893,137,3926673850368,139586437120,11467.939383728663
HRS,W03,F2,rep-07,3.4387994731789835,0.95,0.9173784722222225,140,3920231399424,151397597184,3494.438721012557
HRS,W03,F2,rep-08,3.4206212945911414,0.9558333333333333,0.9238107638888892,133,3923452624896,134217728000,12079.847875022097
HRS,W03,F2,rep-09,3.4047070740087557,0.9558333333333333,0.9238888888888893,133,3905199013888,130996502528,3273.630100535229
HRS,W03,F2,rep-10,3.4135374404776484,0.9491666666666667,0.923793402777778,139,3888019144704,149250113536,3299.6977060101926
HRS,W03,F2,rep-11,3.4376603422827574,0.955,0.8827690972222225,137,3939558752256,143881404416,3276.0511166707147
HRS,W03,F2,rep-12,3.430918731438572,0.9558333333333333,0.9211631944444446,133,3935263784960,114890375168,3250.9842054569162
HRS,W03,F2,rep-13,3.4118030251775244,0.9625,0.9276649305555558,139,3940632494080,149250113536,3313.019214227097
HRS,W03,F2,rep-14,3.436535515173531,0.9558333333333333,0.8827690972222225,133,3941706235904,114890375168,3221.2382548023015
HRS,W03,F2,rep-15,3.4308965987531,0.9516666666666667,0.8775607638888893,135,3918083915776,135291469824,3270.2765626308974
HRS,W03,F2,rep-16,3.446976844890495,0.9433333333333334,0.8801649305555559,134,3901977788416,125627793408,3271.3495375646744
HRS,W03,F2,rep-17,3.4047070740087557,0.9558333333333333,0.9212847222222226,133,3905199013888,154618822656,3239.60457672365
HRS,W03,F2,rep-18,3.3959990329628087,0.9625,0.9252170138888891,135,3922378883072,137438953472,3255.0939922221005
HRS,W03,F2,rep-19,3.4455894352239147,0.9491666666666667,0.8814670138888893,129,3924526366720,117037858816,3174.916903488338
HRS,W03,F2,rep-20,3.414726648763289,0.9433333333333334,0.9202083333333336,136,3865470566400,148176371712,3247.0456897863187
HRS,W03,F2,rep-21,3.4276070173922437,0.9625,0.8840711805555559,136,3958886105088,132070244352,3285.4801521170884
HRS,W03,F2,rep-22,3.407101692850651,0.9483333333333334,0.916527777777778,135,3877281726464,134217728000,3249.3576670531183
HRS,W03,F2,rep-23,3.4297190300582874,0.9441666666666667,0.9213454861111114,134,3885871661056,127775277056,3457.982695661485
HRS,W03,F2,rep-24,3.420926589785505,0.9633333333333334,0.9200086805555557,138,3954591137792,151397597184,3284.221313515445
HRS,W03,F2,rep-25,3.4287163097400706,0.9616666666666667,0.8840711805555559,141,3956738621440,155692564480,12915.693123068195
HRS,W03,F2,rep-26,3.429800756627215,0.9566666666666667,0.9199565972222224,121,3937411268608,79456894976,3123.3952555048745
HRS,W03,F2,rep-27,3.418405215136675,0.9575,0.9239670138888892,133,3927747592192,134217728000,12812.948471255368
HRS,W03,F2,rep-28,3.429982600816079,0.9558333333333333,0.8827690972222225,135,3934190043136,129922760704,3252.524378185626
HRS,W03,F2,rep-29,3.3981541596513036,0.9558333333333333,0.9264756944444447,136,3897682821120,120259084288,3244.658506650012
HRS,W03,F2,rep-30,3.4118637070705327,0.9575,0.9239670138888892,135,3920231399424,135291469824,3252.5698884564918
HRS,W03,F3,rep-01,3.418078139733371,1.0,0.9497569444444447,137,4101693767680,139586437120,3495.594494685065
HRS,W03,F3,rep-02,3.418078139733371,1.0,0.9497569444444447,133,4101693767680,123480309760,3225.152174651157
HRS,W03,F3,rep-03,3.418078139733371,1.0,0.9497569444444447,129,4101693767680,115964116992,3203.4466597542632
HRS,W03,F3,rep-04,3.418078139733371,1.0,0.9497569444444447,136,4101693767680,140660178944,3258.3395811670925
HRS,W03,F3,rep-05,3.418078139733371,1.0,0.9497569444444447,132,4101693767680,115964116992,3212.813245540019
HRS,W03,F3,rep-06,3.418078139733371,1.0,0.9497569444444447,137,4101693767680,139586437120,3272.0570613164455
HRS,W03,F3,rep-07,3.418078139733371,1.0,0.9497569444444447,140,4101693767680,151397597184,13923.828097787919
HRS,W03,F3,rep-08,3.418078139733371,1.0,0.9497569444444447,133,4101693767680,134217728000,3267.804570205044
HRS,W03,F3,rep-09,3.418078139733371,1.0,0.9497569444444447,133,4101693767680,130996502528,3233.902051986661
HRS,W03,F3,rep-10,3.418078139733371,1.0,0.9497569444444447,139,4101693767680,149250113536,3305.8656514331233
HRS,W03,F3,rep-11,3.418078139733371,1.0,0.9497569444444447,137,4101693767680,143881404416,3263.8658416981343
HRS,W03,F3,rep-12,3.418078139733371,1.0,0.9497569444444447,133,4101693767680,114890375168,3274.217576836236
HRS,W03,F3,rep-13,3.418078139733371,1.0,0.9497569444444447,139,4101693767680,149250113536,14378.660908521852
HRS,W03,F3,rep-14,3.418078139733371,1.0,0.9497569444444447,133,4101693767680,114890375168,3369.348672888009
HRS,W03,F3,rep-15,3.418078139733371,1.0,0.9497569444444447,135,4101693767680,135291469824,3273.642086482141
HRS,W03,F3,rep-16,3.418078139733371,1.0,0.9497569444444447,134,4101693767680,125627793408,3270.3936391626485
HRS,W03,F3,rep-17,3.418078139733371,1.0,0.9497569444444447,133,4101693767680,154618822656,3256.994218827458
HRS,W03,F3,rep-18,3.418078139733371,1.0,0.9497569444444447,135,4101693767680,137438953472,3366.613794089062
HRS,W03,F3,rep-19,3.418078139733371,1.0,0.9497569444444447,129,4101693767680,117037858816,3353.8364643754903
HRS,W03,F3,rep-20,3.418078139733371,1.0,0.9497569444444447,136,4101693767680,148176371712,3321.9358221103903
HRS,W03,F3,rep-21,3.418078139733371,1.0,0.9497569444444447,136,4101693767680,132070244352,3392.2499961045105
HRS,W03,F3,rep-22,3.418078139733371,1.0,0.9497569444444447,135,4101693767680,134217728000,3273.1269135547336
HRS,W03,F3,rep-23,3.418078139733371,1.0,0.9497569444444447,134,4101693767680,127775277056,3353.4110840409994
HRS,W03,F3,rep-24,3.418078139733371,1.0,0.9497569444444447,138,4101693767680,151397597184,3586.171665112488
HRS,W03,F3,rep-25,3.418078139733371,1.0,0.9497569444444447,141,4101693767680,155692564480,3363.8161127455533
HRS,W03,F3,rep-26,3.418078139733371,1.0,0.9497569444444447,121,4101693767680,79456894976,3153.0154528445564
HRS,W03,F3,rep-27,3.418078139733371,1.0,0.9497569444444447,133,4101693767680,134217728000,3297.743604169227
HRS,W03,F3,rep-28,3.418078139733371,1.0,0.9497569444444447,135,4101693767680,129922760704,15115.057085000444
HRS,W03,F3,rep-29,3.418078139733371,1.0,0.9497569444444447,136,4101693767680,120259084288,3438.445905048866
HRS,W03,F3,rep-30,3.418078139733371,1.0,0.9497569444444447,135,4101693767680,135291469824,3402.3786644393113
HRS,W03,F4,rep-01,3.418078139733371,1.0,0.9497569444444447,137,4101693767680,139586437120,3421.417674224358
HRS,W03,F4,rep-02,3.378707606186703,0.9375,0.9106944444444446,133,3801046056960,123480309760,17742.147307115374
HRS,W03,F4,rep-03,3.418078139733371,1.0,0.9497569444444447,129,4101693767680,115964116992,3262.067723524524
HRS,W03,F4,rep-04,3.418078139733371,1.0,0.9497569444444447,136,4101693767680,140660178944,3325.453329598531
HRS,W03,F4,rep-05,3.418078139733371,1.0,0.9497569444444447,132,4101693767680,115964116992,3389.147635520203
HRS,W03,F4,rep-06,3.418078139733371,1.0,0.9497569444444447,137,4101693767680,139586437120,4002.21590034198
HRS,W03,F4,rep-07,3.378707606186703,0.9375,0.9106944444444446,140,3801046056960,151397597184,3465.779983816901
HRS,W03,F4,rep-08,3.418078139733371,1.0,0.9497569444444447,133,4101693767680,134217728000,3415.991324814968
HRS,W03,F4,rep-09,3.418078139733371,1.0,0.9497569444444447,133,4101693767680,130996502528,3301.2331869394984
HRS,W03,F4,rep-10,3.4216572791467,0.9375,0.8195486111111113,139,3849364439040,149250113536,3353.8786288700067
HRS,W03,F4,rep-11,3.3597419884413227,0.9366666666666666,0.9132986111111112,137,3776349995008,143881404416,3451.9141641503666
HRS,W03,F4,rep-12,3.4216572791467,0.9375,0.8195486111111113,133,3849364439040,114890375168,3304.098077758681
HRS,W03,F4,rep-13,3.4073407214933717,0.9375,0.9002777777777781,139,3833258311680,149250113536,3468.370676302584
HRS,W03,F4,rep-14,3.418078139733371,1.0,0.9497569444444447,133,4101693767680,114890375168,3393.657003995031
HRS,W03,F4,rep-15,3.418078139733371,1.0,0.9497569444444447,135,4101693767680,135291469824,3439.339463977376
HRS,W03,F4,rep-16,3.378707606186703,0.9375,0.9132986111111112,134,3801046056960,125627793408,3311.185958562419
HRS,W03,F4,rep-17,3.418078139733371,1.0,0.9497569444444447,133,4101693767680,154618822656,21033.737256075256
HRS,W03,F4,rep-18,3.418078139733371,1.0,0.9497569444444447,135,4101693767680,137438953472,3474.3802651646547
HRS,W03,F4,rep-19,3.4073407214933717,0.9375,0.8950694444444447,129,3833258311680,117037858816,3349.2160305031575
HRS,W03,F4,rep-20,3.3597419884413227,0.9366666666666666,0.9106944444444446,136,3776349995008,148176371712,3435.5683077592403
HRS,W03,F4,rep-21,3.4073407214933717,0.9375,0.9028819444444447,136,3833258311680,132070244352,3454.9210729892366
HRS,W03,F4,rep-22,3.378707606186703,0.9375,0.9132986111111112,135,3801046056960,134217728000,3437.7594357647467
HRS,W03,F4,rep-23,3.418078139733371,1.0,0.9497569444444447,134,4101693767680,127775277056,3332.2490286373068
HRS,W03,F4,rep-24,3.3597419884413227,0.9366666666666666,0.9132986111111112,138,3776349995008,151397597184,3462.768203287851
HRS,W03,F4,rep-25,3.378707606186703,0.9375,0.9132986111111112,141,3801046056960,155692564480,3568.3513786061667
HRS,W03,F4,rep-26,3.4073407214933717,0.9375,0.9028819444444447,121,3833258311680,79456894976,3292.7973252080847
HRS,W03,F4,rep-27,3.3597419884413227,0.9366666666666666,0.9132986111111112,133,3776349995008,134217728000,3431.40248284908
HRS,W03,F4,rep-28,3.4073407214933717,0.9375,0.8976736111111113,135,3833258311680,129922760704,3449.007737770444
HRS,W03,F4,rep-29,3.4073407214933717,0.9375,0.9002777777777781,136,3833258311680,120259084288,3432.4278714484535
HRS,W03,F4,rep-30,3.3597419884413227,0.9366666666666666,0.9106944444444446,135,3776349995008,135291469824,3310.636710433755
OGSA,W01,F0,rep-01,4.445291151359967,1.0,0.9835416666666669,134,5334349381632,70866960384,3865.232530999963
OGSA,W01,F0,rep-02,4.445291151359967,1.0,0.9835416666666669,131,5334349381632,64424509440,3850.6743639995548
OGSA,W01,F0,rep-03,4.445291151359967,1.0,0.9835416666666669,135,5334349381632,70866960384,3974.0518229999707
OGSA,W01,F0,rep-04,4.445291151359967,1.0,0.9835416666666669,130,5334349381632,60129542144,3909.5751019988825
OGSA,W01,F0,rep-05,4.445291151359967,1.0,0.9835416666666669,119,5334349381632,27917287424,3781.7888659993173
OGSA,W01,F0,rep-06,4.445291151359967,1.0,0.9835416666666669,125,5334349381632,42949672960,3882.0619970011876
OGSA,W01,F0,rep-07,4.445291151359967,1.0,0.9835416666666669,138,5334349381632,76235669504,4117.772176997505
OGSA,W01,F0,rep-08,4.445291151359967,1.0,0.9835416666666669,120,5334349381632,28991029248,3790.951909002274
OGSA,W01,F0,rep-09,4.445291151359967,1.0,0.9835416666666669,122,5334349381632,36507222016,3886.9563350017415
OGSA,W01,F0,rep-10,4.445291151359967,1.0,0.9835416666666669,131,5334349381632,63350767616,4021.5367939995303
OGSA,W01,F0,rep-11,4.445291151359967,1.0,0.9835416666666669,130,5334349381632,57982058496,3948.951598997951
OGSA,W01,F0,rep-12,4.445291151359967,1.0,0.9835416666666669,127,5334349381632,47244640256,3916.5656350000972
OGSA,W01,F0,rep-13,4.445291151359967,1.0,0.9835416666666669,137,5334349381632,77309411328,4163.869196998121
OGSA,W01,F0,rep-14,4.445291151359967,1.0,0.9835416666666669,134,5334349381632,69793218560,4038.438829998313
OGSA,W01,F0,rep-15,4.445291151359967,1.0,0.9835416666666669,134,5334349381632,67645734912,4068.203553007379
OGSA,W01,F0,rep-16,4.445291151359967,1.0,0.9835416666666669,136,5334349381632,79456894976,4201.327315998924
OGSA,W01,F0,rep-17,4.445291151359967,1.0,0.9835416666666669,130,5334349381632,54760833024,3928.4509449994403
OGSA,W01,F0,rep-18,4.445291151359967,1.0,0.9835416666666669,129,5334349381632,61203283968,3909.1756739985613
OGSA,W01,F0,rep-19,4.445291151359967,1.0,0.9835416666666669,134,5334349381632,69793218560,3985.1584039981844
OGSA,W01,F0,rep-20,4.445291151359967,1.0,0.9835416666666669,129,5334349381632,56908316672,3946.5445990008448
OGSA,W01,F0,rep-21,4.445291151359967,1.0,0.9835416666666669,141,5334349381632,84825604096,4227.433695994023
OGSA,W01,F0,rep-22,4.445291151359967,1.0,0.9835416666666669,126,5334349381632,48318382080,4063.5358689987697
OGSA,W01,F0,rep-23,4.445291151359967,1.0,0.9835416666666669,139,5334349381632,85899345920,4233.975954998641
OGSA,W01,F0,rep-24,4.445291151359967,1.0,0.9835416666666669,132,5334349381632,61203283968,4009.837703008998
OGSA,W01,F0,rep-25,4.445291151359967,1.0,0.9835416666666669,134,5334349381632,69793218560,4176.868701001695
OGSA,W01,F0,rep-26,4.445291151359967,1.0,0.9835416666666669,135,5334349381632,75161927680,4038.599801993769
OGSA,W01,F0,rep-27,4.445291151359967,1.0,0.9835416666666669,130,5334349381632,57982058496,4017.304914995748
OGSA,W01,F0,rep-28,4.445291151359967,1.0,0.9835416666666669,119,5334349381632,26843545600,3872.5776740066067
OGSA,W01,F0,rep-29,4.445291151359967,1.0,0.9835416666666669,132,5334349381632,60129542144,3830.703117005214
OGSA,W01,F0,rep-30,4.445291151359967,1.0,0.9835416666666669,125,5334349381632,39728447488,3942.9765209938523
OGSA,W01,F1,rep-01,4.443006594287627,0.9791666666666666,0.973125,134,5220532748288,70866960384,3895.3625060062222
OGSA,W01,F1,rep-02,4.445748062774435,0.9791666666666666,0.973125,131,5223753973760,64424509440,4278.36966500081
OGSA,W01,F1,rep-03,4.433662775404586,0.9741666666666666,0.9668750000000004,135,5182951784448,70866960384,4111.579775003975
OGSA,W01,F1,rep-04,4.448489531261243,0.9791666666666666,0.9314583333333334,130,5226975199232,60129542144,4045.447587993749
OGSA,W01,F1,rep-05,4.445291151359967,1.0,0.9835416666666669,119,5334349381632,27917287424,3917.3828019961547
OGSA,W01,F1,rep-06,4.445291151359967,1.0,0.9835416666666669,125,5334349381632,42949672960,4000.998668973807
OGSA,W01,F1,rep-07,4.443920417116562,0.9791666666666666,0.9731250000000002,138,5221606490112,76235669504,4173.42754899164
OGSA,W01,F1,rep-08,4.448489531261243,0.9791666666666666,0.9314583333333334,120,5226975199232,28991029248,3948.070505990472
OGSA,W01,F1,rep-09,4.445291151359967,1.0,0.9835416666666669,122,5334349381632,36507222016,3982.487692000177
OGSA,W01,F1,rep-10,4.448489531261243,0.9791666666666666,0.9314583333333334,131,5226975199232,63350767616,3839.622173013595
OGSA,W01,F1,rep-11,4.445748062774435,0.9791666666666666,0.973125,130,5223753973760,57982058496,4073.5652600151298
OGSA,W01,F1,rep-12,4.445291151359967,1.0,0.9835416666666669,127,5334349381632,47244640256,3781.3259249951443
OGSA,W01,F1,rep-13,4.445291151359967,1.0,0.9835416666666669,137,5334349381632,77309411328,3888.6611630023253
OGSA,W01,F1,rep-14,4.423078981438592,0.9708333333333333,0.9635416666666665,134,5152887013376,69793218560,3864.462729996376
OGSA,W01,F1,rep-15,4.448489531261243,0.9791666666666666,0.9314583333333334,134,5226975199232,67645734912,4173.461412013239
OGSA,W01,F1,rep-16,4.443920417116562,0.9791666666666666,0.9731250000000002,136,5221606490112,79456894976,3875.116617992717
OGSA,W01,F1,rep-17,4.445291151359967,1.0,0.9835416666666669,130,5334349381632,54760833024,4123.826053008997
OGSA,W01,F1,rep-18,4.445291151359967,1.0,0.9835416666666669,129,5334349381632,61203283968,4119.21037400225
OGSA,W01,F1,rep-19,4.445291151359967,1.0,0.9835416666666669,134,5334349381632,69793218560,4203.604827014715
OGSA,W01,F1,rep-20,4.443920417116562,0.9791666666666666,0.9731250000000002,129,5221606490112,56908316672,4145.738072010317
OGSA,W01,F1,rep-21,4.445291151359967,1.0,0.9835416666666669,141,5334349381632,84825604096,4281.461074008803
OGSA,W01,F1,rep-22,4.445291151359967,1.0,0.9835416666666669,126,5334349381632,48318382080,4113.346872015427
OGSA,W01,F1,rep-23,4.443920417116562,0.9791666666666666,0.9731250000000002,139,5221606490112,85899345920,3909.119809004551
OGSA,W01,F1,rep-24,4.443920417116562,0.9791666666666666,0.9731250000000002,132,5221606490112,61203283968,3838.6252539985435
OGSA,W01,F1,rep-25,4.445748062774435,0.9791666666666666,0.973125,134,5223753973760,69793218560,3845.1284450056846
OGSA,W01,F1,rep-26,4.443006594287627,0.9791666666666666,0.973125,135,5220532748288,75161927680,3859.4564660079413
OGSA,W01,F1,rep-27,4.445291151359967,1.0,0.9835416666666669,130,5334349381632,57982058496,4199.47053598662
OGSA,W01,F1,rep-28,4.43429365724564,0.9633333333333334,0.9235416666666665,119,5126043467776,26843545600,3683.7462320045233
OGSA,W01,F1,rep-29,4.445291151359967,1.0,0.9835416666666669,132,5334349381632,60129542144,4251.310544979788
OGSA,W01,F1,rep-30,4.435587430799619,0.9608333333333333,0.9222916666666672,125,5114232307712,39728447488,3764.2466930028604
OGSA,W01,F2,rep-01,4.448358985142826,0.9625,0.9554166666666667,134,5137854627840,70866960384,3879.764175009768
OGSA,W01,F2,rep-02,4.451941663003429,0.9633333333333334,0.9585416666666667,131,5146444562432,64424509440,3826.8896040044638
OGSA,W01,F2,rep-03,4.496352703831694,0.9508333333333333,0.896666666666667,135,5130338435072,70866960384,4304.088790995593
OGSA,W01,F2,rep-04,4.443294793841845,0.9591666666666666,0.9529166666666667,130,5114232307712,60129542144,4247.472692990414
OGSA,W01,F2,rep-05,4.466129973519132,0.9566666666666667,0.9497916666666667,119,5127117209600,27917287424,3690.2175660161447
OGSA,W01,F2,rep-06,4.4888109527220905,0.9416666666666667,0.891666666666667,125,5072356376576,42949672960,4193.273581979156
OGSA,W01,F2,rep-07,4.4540746200069,0.9616666666666667,0.9560416666666667,138,5140002111488,76235669504,4357.48012599106
OGSA,W01,F2,rep-08,4.4883159111608055,0.9533333333333334,0.9491666666666667,120,5134633402368,28991029248,3703.785659001369
OGSA,W01,F2,rep-09,4.461308501110499,0.9575,0.9541666666666667,122,5126043467776,36507222016,3712.3871340318146
OGSA,W01,F2,rep-10,4.445553039609724,0.9566666666666667,0.9491666666666667,131,5103494889472,63350767616,3830.479206984819
OGSA,W01,F2,rep-11,4.487787130591517,0.9466666666666667,0.894166666666667,130,5098126180352,57982058496,3803.4071439979016
OGSA,W01,F2,rep-12,4.455561725328664,0.9583333333333334,0.9535416666666667,127,5123895984128,47244640256,3789.744607964167
OGSA,W01,F2,rep-13,4.448758442666634,0.96,0.9522916666666668,137,5124969725952,77309411328,3874.9674150130886
OGSA,W01,F2,rep-14,4.495172455795922,0.9475,0.894791666666667,134,5111011082240,69793218560,3842.248903987638
OGSA,W01,F2,rep-15,4.49818427853518,0.9466666666666667,0.894791666666667,134,5109937340416,67645734912,3865.5244830133597
OGSA,W01,F2,rep-16,4.511048319092167,0.94,0.892916666666667,136,5088462503936,79456894976,3900.754745998711
OGSA,W01,F2,rep-17,4.441811778898923,0.9566666666666667,0.9479166666666669,130,5099199922176,54760833024,4355.055579995678
OGSA,W01,F2,rep-18,4.4394377671110785,0.96,0.9529166666666667,129,5114232307712,61203283968,4321.377954014679
OGSA,W01,F2,rep-19,4.496293887999967,0.9466666666666667,0.894791666666667,134,5107789856768,69793218560,3869.3952370085754
OGSA,W01,F2,rep-20,4.451574182120493,0.9541666666666667,0.9516666666666667,129,5097052438528,56908316672,3818.233818976296
OGSA,W01,F2,rep-21,4.481909223363047,0.9525,0.897291666666667,141,5122822242304,84825604096,3962.6370280147967
OGSA,W01,F2,rep-22,4.44342377427475,0.9583333333333334,0.9529166666666667,126,5109937340416,48318382080,3740.8546110073075
OGSA,W01,F2,rep-23,4.451283263445374,0.9616666666666667,0.9535416666666667,139,5136780886016,85899345920,3915.549417019065
OGSA,W01,F2,rep-24,4.445831281679066,0.9608333333333333,0.9566666666666667,132,5126043467776,61203283968,4377.646052989803
OGSA,W01,F2,rep-25,4.502880169082197,0.9425,0.892916666666667,134,5092757471232,69793218560,3858.6313859832444
OGSA,W01,F2,rep-26,4.4361998878327205,0.9566666666666667,0.9466666666666668,135,5092757471232,75161927680,4428.511666028498
OGSA,W01,F2,rep-27,4.457287954015606,0.9591666666666666,0.9541666666666667,130,5130338435072,57982058496,3805.1187459896028
OGSA,W01,F2,rep-28,4.469982483171775,0.9458333333333333,0.893541666666667,119,5073430118400,26843545600,3677.22594103725
OGSA,W01,F2,rep-29,4.450757812601185,0.9591666666666666,0.9541666666666667,132,5122822242304,60129542144,3828.1090159543965
OGSA,W01,F2,rep-30,4.451711076251716,0.9533333333333334,0.9466666666666668,125,5092757471232,39728447488,3741.1585330046364
OGSA,W01,F3,rep-01,4.445291151359967,1.0,0.9835416666666669,134,5334349381632,70866960384,4428.416417043991
OGSA,W01,F3,rep-02,4.445291151359967,1.0,0.9835416666666669,131,5334349381632,64424509440,3825.6377749967214
OGSA,W01,F3,rep-03,4.445291151359967,1.0,0.9835416666666669,135,5334349381632,70866960384,3890.636805033864
OGSA,W01,F3,rep-04,4.445291151359967,1.0,0.9835416666666669,130,5334349381632,60129542144,3807.122210988382
OGSA,W01,F3,rep-05,4.445291151359967,1.0,0.9835416666666669,119,5334349381632,27917287424,3709.0392819991393
OGSA,W01,F3,rep-06,4.445291151359967,1.0,0.9835416666666669,125,5334349381632,42949672960,3759.860561012829
OGSA,W01,F3,rep-07,4.445291151359967,1.0,0.9835416666666669,138,5334349381632,76235669504,4555.206367973369
OGSA,W01,F3,rep-08,4.445291151359967,1.0,0.9835416666666669,120,5334349381632,28991029248,3684.8767309984396
OGSA,W01,F3,rep-09,4.445291151359967,1.0,0.9835416666666669,122,5334349381632,36507222016,3737.4994499714376
OGSA,W01,F3,rep-10,4.445291151359967,1.0,0.9835416666666669,131,5334349381632,63350767616,3832.2487490549975
OGSA,W01,F3,rep-11,4.445291151359967,1.0,0.9835416666666669,130,5334349381632,57982058496,4485.810298090655
OGSA,W01,F3,rep-12,4.445291151359967,1.0,0.9835416666666669,127,5334349381632,47244640256,3770.9836740723404
OGSA,W01,F3,rep-13,4.445291151359967,1.0,0.9835416666666669,137,5334349381632,77309411328,4572.04091798485
OGSA,W01,F3,rep-14,4.445291151359967,1.0,0.9835416666666669,134,5334349381632,69793218560,3844.009018925135
OGSA,W01,F3,rep-15,4.445291151359967,1.0,0.9835416666666669,134,5334349381632,67645734912,3867.529128012393
OGSA,W01,F3,rep-16,4.445291151359967,1.0,0.9835416666666669,136,5334349381632,79456894976,3887.637215982977
OGSA,W01,F3,rep-17,4.445291151359967,1.0,0.9835416666666669,130,5334349381632,54760833024,3815.3209530137246
OGSA,W01,F3,rep-18,4.445291151359967,1.0,0.9835416666666669,129,5334349381632,61203283968,3775.7160369983467
OGSA,W01,F3,rep-19,4.445291151359967,1.0,0.9835416666666669,134,5334349381632,69793218560,3855.603001979034
OGSA,W01,F3,rep-20,4.445291151359967,1.0,0.9835416666666669,129,5334349381632,56908316672,3798.977918977471
OGSA,W01,F3,rep-21,4.445291151359967,1.0,0.9835416666666669,141,5334349381632,84825604096,3924.3939049447363
OGSA,W01,F3,rep-22,4.445291151359967,1.0,0.9835416666666669,126,5334349381632,48318382080,3771.987722018821
OGSA,W01,F3,rep-23,4.445291151359967,1.0,0.9835416666666669,139,5334349381632,85899345920,3903.5799819612294
OGSA,W01,F3,rep-24,4.445291151359967,1.0,0.9835416666666669,132,5334349381632,61203283968,3826.2309749188717
OGSA,W01,F3,rep-25,4.445291151359967,1.0,0.9835416666666669,134,5334349381632,69793218560,3872.7767049022077
OGSA,W01,F3,rep-26,4.445291151359967,1.0,0.9835416666666669,135,5334349381632,75161927680,3849.3498260686465
OGSA,W01,F3,rep-27,4.445291151359967,1.0,0.9835416666666669,130,5334349381632,57982058496,4561.884800143162
OGSA,W01,F3,rep-28,4.445291151359967,1.0,0.9835416666666669,119,5334349381632,26843545600,3675.0606830282777
OGSA,W01,F3,rep-29,4.445291151359967,1.0,0.9835416666666669,132,5334349381632,60129542144,4610.066892033501
OGSA,W01,F3,rep-30,4.445291151359967,1.0,0.9835416666666669,125,5334349381632,39728447488,4547.477888016147
OGSA,W01,F4,rep-01,4.445291151359967,1.0,0.9835416666666669,134,5334349381632,70866960384,3855.3112329900614
OGSA,W01,F4,rep-02,4.37824921032684,0.9025,0.912291666666667,131,4741643894784,64424509440,3813.796064012422
OGSA,W01,F4,rep-03,4.445291151359967,1.0,0.9835416666666669,135,5334349381632,70866960384,3864.810922928882
OGSA,W01,F4,rep-04,4.445291151359967,1.0,0.9835416666666669,130,5334349381632,60129542144,3799.191048990906
OGSA,W01,F4,rep-05,4.445291151359967,1.0,0.9835416666666669,119,5334349381632,27917287424,3670.816494959581
OGSA,W01,F4,rep-06,4.445291151359967,1.0,0.9835416666666669,125,5334349381632,42949672960,3745.176409072883
OGSA,W01,F4,rep-07,4.373701801884484,0.9091666666666667,0.917291666666667,138,4771708665856,76235669504,3886.7725059608347
OGSA,W01,F4,rep-08,4.445291151359967,1.0,0.9835416666666669,120,5334349381632,28991029248,3680.39911800588
OGSA,W01,F4,rep-09,4.445291151359967,1.0,0.9835416666666669,122,5334349381632,36507222016,3696.2742649557185
OGSA,W01,F4,rep-10,4.455312741717306,0.9375,0.827291666666667,131,5012226834432,63350767616,3796.093522112642
OGSA,W01,F4,rep-11,4.434439098761537,0.9366666666666666,0.9522916666666668,130,4984309547008,57982058496,4646.734274025221
OGSA,W01,F4,rep-12,4.46179159068924,0.885,0.8010416666666671,127,4738422669312,47244640256,3754.6840999530104
OGSA,W01,F4,rep-13,4.3800452000874035,0.915,0.9210416666666669,137,4809289629696,77309411328,3871.657073035749
OGSA,W01,F4,rep-14,4.445291151359967,1.0,0.9835416666666669,134,5334349381632,69793218560,4704.5687589852605
OGSA,W01,F4,rep-15,4.445291151359967,1.0,0.9835416666666669,134,5334349381632,67645734912,3850.91474402725
OGSA,W01,F4,rep-16,4.446722807125305,0.9375,0.9522916666666668,136,5002563158016,79456894976,3858.0932959666825
OGSA,W01,F4,rep-17,4.445291151359967,1.0,0.9835416666666669,130,5334349381632,54760833024,3789.725088085106
OGSA,W01,F4,rep-18,4.445291151359967,1.0,0.9835416666666669,129,5334349381632,61203283968,3792.1587889177317
OGSA,W01,F4,rep-19,4.38910356550134,0.9125,0.9210416666666669,134,4806068404224,69793218560,4757.501878000767
OGSA,W01,F4,rep-20,4.3887223265882085,0.9066666666666666,0.9197916666666669,129,4774929891328,56908316672,3775.3917910413293
OGSA,W01,F4,rep-21,4.4409961840639705,0.9375,0.9522916666666668,141,4996120707072,84825604096,3929.09983300342
OGSA,W01,F4,rep-22,4.446722807125305,0.9375,0.9522916666666668,126,5002563158016,48318382080,3750.5207389804127
OGSA,W01,F4,rep-23,4.445291151359967,1.0,0.9835416666666669,139,5334349381632,85899345920,3903.0033389317396
OGSA,W01,F4,rep-24,4.434439098761537,0.9366666666666666,0.9522916666666668,132,4984309547008,61203283968,3793.7541100800445
OGSA,W01,F4,rep-25,4.446722807125305,0.9375,0.9522916666666668,134,5002563158016,69793218560,3846.291492016462
OGSA,W01,F4,rep-26,4.4409961840639705,0.9375,0.9522916666666668,135,4996120707072,75161927680,3839.169727070839
OGSA,W01,F4,rep-27,4.434439098761537,0.9366666666666666,0.9522916666666668,130,4984309547008,57982058496,4805.351823059027
OGSA,W01,F4,rep-28,4.418282183350114,0.8925,0.899791666666667,119,4731980218368,26843545600,3658.2862110153656
OGSA,W01,F4,rep-29,4.3917800834098095,0.915,0.9272916666666668,132,4822174531584,60129542144,3808.6524959762755
OGSA,W01,F4,rep-30,4.370749257913812,0.9091666666666667,0.9197916666666669,125,4768487440384,39728447488,4026.272959948983
OGSA,W02,F0,rep-01,3.0422685013332487,1.0,0.9966435185185186,117,3650722201600,57982058496,4631.993619015702
OGSA,W02,F0,rep-02,3.0422685013332487,1.0,0.9966435185185186,114,3650722201600,56908316672,3614.379032074794
OGSA,W02,F0,rep-03,3.0422685013332487,1.0,0.9966435185185186,120,3650722201600,61203283968,3684.155391110835
OGSA,W02,F0,rep-04,3.0422685013332487,1.0,0.9966435185185186,117,3650722201600,60129542144,3640.713902968855
OGSA,W02,F0,rep-05,3.0422685013332487,1.0,0.9966435185185186,112,3650722201600,25769803776,3572.086568099621
OGSA,W02,F0,rep-06,3.0422685013332487,1.0,0.9966435185185186,115,3650722201600,41875931136,3622.2150459580007
OGSA,W02,F0,rep-07,3.0422685013332487,1.0,0.9966435185185186,122,3650722201600,73014444032,4782.9687560515595
OGSA,W02,F0,rep-08,3.0422685013332487,1.0,0.9966435185185186,113,3650722201600,24696061952,3585.838919127127
OGSA,W02,F0,rep-09,3.0422685013332487,1.0,0.9966435185185186,111,3650722201600,36507222016,3583.3058419812005
OGSA,W02,F0,rep-10,3.0422685013332487,1.0,0.9966435185185186,115,3650722201600,54760833024,3614.8964168314706
OGSA,W02,F0,rep-11,3.0422685013332487,1.0,0.9966435185185186,116,3650722201600,52613349376,3630.671330036421
OGSA,W02,F0,rep-12,3.0422685013332487,1.0,0.9966435185185186,115,3650722201600,44023414784,3598.467646013887
OGSA,W02,F0,rep-13,3.0422685013332487,1.0,0.9966435185185186,119,3650722201600,64424509440,3662.4605441029416
OGSA,W02,F0,rep-14,3.0422685013332487,1.0,0.9966435185185186,119,3650722201600,67645734912,3654.8682949724025
OGSA,W02,F0,rep-15,3.0422685013332487,1.0,0.9966435185185186,116,3650722201600,49392123904,3616.8589860317297
OGSA,W02,F0,rep-16,3.0422685013332487,1.0,0.9966435185185186,116,3650722201600,61203283968,3622.486514679622
OGSA,W02,F0,rep-17,3.0422685013332487,1.0,0.9966435185185186,117,3650722201600,52613349376,3650.6076569276047
OGSA,W02,F0,rep-18,3.0422685013332487,1.0,0.9966435185185186,116,3650722201600,57982058496,3612.813508050749
OGSA,W02,F0,rep-19,3.0422685013332487,1.0,0.9966435185185186,118,3650722201600,69793218560,3669.4505480481894
OGSA,W02,F0,rep-20,3.0422685013332487,1.0,0.9966435185185186,115,3650722201600,56908316672,3615.8373819853296
OGSA,W02,F0,rep-21,3.0422685013332487,1.0,0.9966435185185186,119,3650722201600,61203283968,3665.1360120013123
OGSA,W02,F0,rep-22,3.0422685013332487,1.0,0.9966435185185186,116,3650722201600,47244640256,3629.639926853997
OGSA,W02,F0,rep-23,3.0422685013332487,1.0,0.9966435185185186,119,3650722201600,75161927680,3659.3636670222622
OGSA,W02,F0,rep-24,3.0422685013332487,1.0,0.9966435185185186,119,3650722201600,56908316672,3647.563901016838
OGSA,W02,F0,rep-25,3.0422685013332487,1.0,0.9966435185185186,117,3650722201600,68719476736,3637.323526876571
OGSA,W02,F0,rep-26,3.0422685013332487,1.0,0.9966435185185186,115,3650722201600,54760833024,3610.444648147677
OGSA,W02,F0,rep-27,3.0422685013332487,1.0,0.9966435185185186,115,3650722201600,55834574848,3618.889483070234
OGSA,W02,F0,rep-28,3.0422685013332487,1.0,0.9966435185185186,110,3650722201600,26843545600,3548.14447422541
OGSA,W02,F0,rep-29,3.0422685013332487,1.0,0.9966435185185186,118,3650722201600,54760833024,3654.5810729949153
OGSA,W02,F0,rep-30,3.0422685013332487,1.0,0.9966435185185186,114,3650722201600,35433480192,3617.861872065987
OGSA,W02,F1,rep-01,3.034805614896933,0.9791666666666666,0.9839120370370372,117,3565896597504,57982058496,3632.0457008987432
OGSA,W02,F1,rep-02,3.0366332605548054,0.9791666666666666,0.9839120370370371,114,3568044081152,56908316672,3576.747283950681
OGSA,W02,F1,rep-03,3.050340602988849,0.9791666666666666,0.9792824074074074,120,3584150208512,61203283968,4906.272669853934
OGSA,W02,F1,rep-04,3.049426780159912,0.9791666666666666,0.9561342592592591,117,3583076466688,60129542144,3630.6427541421726
OGSA,W02,F1,rep-05,3.0422685013332487,1.0,0.9966435185185186,112,3650722201600,25769803776,3589.524734816223
OGSA,W02,F1,rep-06,3.0422685013332487,1.0,0.9966435185185186,115,3650722201600,41875931136,3621.3161607956863
OGSA,W02,F1,rep-07,3.050340602988849,0.9791666666666666,0.9792824074074074,122,3584150208512,73014444032,5059.230171907984
OGSA,W02,F1,rep-08,3.049426780159912,0.9791666666666666,0.9561342592592591,113,3583076466688,24696061952,3583.7623869956587
OGSA,W02,F1,rep-09,3.0422685013332487,1.0,0.9966435185185186,111,3650722201600,36507222016,3563.0859220036655
OGSA,W02,F1,rep-10,3.049426780159912,0.9791666666666666,0.9561342592592591,115,3583076466688,54760833024,3606.7761291124043
OGSA,W02,F1,rep-11,3.0366332605548054,0.9791666666666666,0.9839120370370371,116,3568044081152,52613349376,3649.232888870756
OGSA,W02,F1,rep-12,3.0422685013332487,1.0,0.9966435185185186,115,3650722201600,44023414784,3614.2444009601604
OGSA,W02,F1,rep-13,3.0422685013332487,1.0,0.9966435185185186,119,3650722201600,64424509440,3643.5743139663828
OGSA,W02,F1,rep-14,3.034805614896933,0.9791666666666666,0.9839120370370372,119,3565896597504,67645734912,3642.4114300098154
OGSA,W02,F1,rep-15,3.049426780159912,0.9791666666666666,0.9561342592592591,116,3583076466688,49392123904,3614.052439967054
OGSA,W02,F1,rep-16,3.050340602988849,0.9791666666666666,0.9792824074074074,116,3584150208512,61203283968,3605.1456452696584
OGSA,W02,F1,rep-17,3.0422685013332487,1.0,0.9966435185185186,117,3650722201600,52613349376,3613.6661259879475
OGSA,W02,F1,rep-18,3.0422685013332487,1.0,0.9966435185185186,116,3650722201600,57982058496,3608.9026571571594
OGSA,W02,F1,rep-19,3.0422685013332487,1.0,0.9966435185185186,118,3650722201600,69793218560,3643.721301057667
OGSA,W02,F1,rep-20,3.050340602988849,0.9791666666666666,0.9792824074074074,115,3584150208512,56908316672,3582.6094970543636
OGSA,W02,F1,rep-21,3.0422685013332487,1.0,0.9966435185185186,119,3650722201600,61203283968,3647.0626049340353
OGSA,W02,F1,rep-22,3.0422685013332487,1.0,0.9966435185185186,116,3650722201600,47244640256,3611.4638820363325
OGSA,W02,F1,rep-23,3.050340602988849,0.9791666666666666,0.9792824074074074,119,3584150208512,75161927680,3630.887214014365
OGSA,W02,F1,rep-24,3.050340602988849,0.9791666666666666,0.9792824074074074,119,3584150208512,56908316672,3636.33848795871
OGSA,W02,F1,rep-25,3.0366332605548054,0.9791666666666666,0.9839120370370371,117,3568044081152,68719476736,3604.303378975601
OGSA,W02,F1,rep-26,3.034805614896933,0.9791666666666666,0.9839120370370372,115,3565896597504,54760833024,3590.37493699725
OGSA,W02,F1,rep-27,3.0422685013332487,1.0,0.9966435185185186,115,3650722201600,55834574848,3585.358454954985
OGSA,W02,F1,rep-28,3.048942525391063,0.9608333333333333,0.9449459876543208,110,3515430731776,26843545600,3535.5615770677105
OGSA,W02,F1,rep-29,3.0422685013332487,1.0,0.9966435185185186,118,3650722201600,54760833024,3631.1458399068215
OGSA,W02,F1,rep-30,3.043349345849781,0.9658333333333333,0.948418209876543,114,3527241891840,35433480192,3604.0918649378
OGSA,W02,F2,rep-01,3.0522703956525374,0.9691666666666666,0.970601851851852,117,3549790470144,57982058496,3845.4965769851697
OGSA,W02,F2,rep-02,3.0271757447709993,0.9683333333333334,0.9775462962962966,114,3517578215424,56908316672,3577.217903090059
OGSA,W02,F2,rep-03,3.0182620784389402,0.9566666666666667,0.9196759259259262,120,3464964866048,61203283968,3637.4505110361497
OGSA,W02,F2,rep-04,3.0283599284835074,0.965,0.9636574074074075,117,3506840797184,60129542144,3629.651771130739
OGSA,W02,F2,rep-05,3.0482799758000874,0.9675,0.9671296296296297,112,3539053051904,25769803776,3557.3866650665877
OGSA,W02,F2,rep-06,3.061589519405225,0.9416666666666667,0.9214120370370372,115,3459596156928,41875931136,3631.804962948081
OGSA,W02,F2,rep-07,3.0522703956525374,0.9691666666666666,0.970601851851852,122,3549790470144,73014444032,3676.5100690099644
OGSA,W02,F2,rep-08,3.0181603083936968,0.965,0.9682870370370372,113,3495029637120,24696061952,3556.351655861363
OGSA,W02,F2,rep-09,3.0170567587069157,0.9641666666666666,0.9706018518518521,111,3490734669824,36507222016,3536.2604441543226
OGSA,W02,F2,rep-10,3.0271757447709993,0.9683333333333334,0.9775462962962966,115,3517578215424,54760833024,3572.6475642513833
OGSA,W02,F2,rep-11,3.0498836915743843,0.94,0.917939814814815,116,3440268804096,52613349376,3616.9867419303046
OGSA,W02,F2,rep-12,3.0482799758000874,0.9675,0.9671296296296297,115,3539053051904,44023414784,3579.9818330197013
OGSA,W02,F2,rep-13,3.0365751153361145,0.9691666666666666,0.9775462962962966,119,3531536859136,64424509440,3614.8867980446084
OGSA,W02,F2,rep-14,3.0578505066947264,0.9475,0.9208333333333335,119,3476776026112,67645734912,3635.4379190233885
OGSA,W02,F2,rep-15,3.028699061095365,0.9341666666666667,0.9098379629629633,116,3395171647488,49392123904,3828.1947799550835
OGSA,W02,F2,rep-16,3.0868877996496025,0.9325,0.9138888888888892,116,3454227447808,61203283968,3604.122441895015
OGSA,W02,F2,rep-17,3.01241656067753,0.9641666666666666,0.9706018518518521,117,3485365960704,52613349376,5185.059504052333
OGSA,W02,F2,rep-18,3.0271757447709993,0.9683333333333334,0.9775462962962966,116,3517578215424,57982058496,3605.059011890262
OGSA,W02,F2,rep-19,3.0751510542472653,0.9433333333333334,0.9225694444444446,118,3481070993408,69793218560,3623.9985339416307
OGSA,W02,F2,rep-20,3.0271757447709993,0.9683333333333334,0.9775462962962966,115,3517578215424,56908316672,3600.553968033637
OGSA,W02,F2,rep-21,3.0272897240527774,0.9458333333333333,0.9196759259259264,119,3435973836800,61203283968,5204.498400133161
OGSA,W02,F2,rep-22,3.0222129787585352,0.9666666666666667,0.972916666666667,116,3505767055360,47244640256,3593.569655822648
OGSA,W02,F2,rep-23,3.0365751153361145,0.9691666666666666,0.9775462962962966,119,3531536859136,75161927680,3637.6264259961317
OGSA,W02,F2,rep-24,3.0283599284835074,0.965,0.9636574074074075,119,3506840797184,56908316672,3666.8878718846827
OGSA,W02,F2,rep-25,3.09796183659902,0.9291666666666667,0.917939814814815,117,3454227447808,68719476736,3596.585698025592
OGSA,W02,F2,rep-26,3.0522703956525374,0.9691666666666666,0.970601851851852,115,3549790470144,54760833024,3591.834549064515
OGSA,W02,F2,rep-27,3.021869261153629,0.965,0.9706018518518521,115,3499324604416,55834574848,3576.855425941176
OGSA,W02,F2,rep-28,3.05318630060469,0.9425,0.9190972222222226,110,3453153705984,26843545600,3521.3913059196784
OGSA,W02,F2,rep-29,3.0271757447709993,0.9683333333333334,0.9775462962962966,118,3517578215424,54760833024,3614.5467489332077
OGSA,W02,F2,rep-30,3.003310826018996,0.9608333333333333,0.9613425925925928,114,3462817382400,35433480192,3575.8331572433235
OGSA,W02,F3,rep-01,3.0422685013332487,1.0,0.9966435185185186,117,3650722201600,57982058496,3613.7835542394896
OGSA,W02,F3,rep-02,3.0422685013332487,1.0,0.9966435185185186,114,3650722201600,56908316672,3575.275665956724
OGSA,W02,F3,rep-03,3.0422685013332487,1.0,0.9966435185185186,120,3650722201600,61203283968,3629.8399519437226
OGSA,W02,F3,rep-04,3.0422685013332487,1.0,0.9966435185185186,117,3650722201600,60129542144,3590.620012160798
OGSA,W02,F3,rep-05,3.0422685013332487,1.0,0.9966435185185186,112,3650722201600,25769803776,3549.296933968435
OGSA,W02,F3,rep-06,3.0422685013332487,1.0,0.9966435185185186,115,3650722201600,41875931136,5300.465017302486
OGSA,W02,F3,rep-07,3.0422685013332487,1.0,0.9966435185185186,122,3650722201600,73014444032,3663.8020110985963
OGSA,W02,F3,rep-08,3.0422685013332487,1.0,0.9966435185185186,113,3650722201600,24696061952,3567.4202077643713
OGSA,W02,F3,rep-09,3.0422685013332487,1.0,0.9966435185185186,111,3650722201600,36507222016,3522.381937436876
OGSA,W02,F3,rep-10,3.0422685013332487,1.0,0.9966435185185186,115,3650722201600,54760833024,3556.8452388688456
OGSA,W02,F3,rep-11,3.0422685013332487,1.0,0.9966435185185186,116,3650722201600,52613349376,3621.90389719035
OGSA,W02,F3,rep-12,3.0422685013332487,1.0,0.9966435185185186,115,3650722201600,44023414784,3583.763556787744
OGSA,W02,F3,rep-13,3.0422685013332487,1.0,0.9966435185185186,119,3650722201600,64424509440,3619.639541095239
OGSA,W02,F3,rep-14,3.0422685013332487,1.0,0.9966435185185186,119,3650722201600,67645734912,3634.321215140517
OGSA,W02,F3,rep-15,3.0422685013332487,1.0,0.9966435185185186,116,3650722201600,49392123904,3594.683448172873
OGSA,W02,F3,rep-16,3.0422685013332487,1.0,0.9966435185185186,116,3650722201600,61203283968,3579.3932958622463
OGSA,W02,F3,rep-17,3.0422685013332487,1.0,0.9966435185185186,117,3650722201600,52613349376,3602.947577048326
OGSA,W02,F3,rep-18,3.0422685013332487,1.0,0.9966435185185186,116,3650722201600,57982058496,3592.343384050764
OGSA,W02,F3,rep-19,3.0422685013332487,1.0,0.9966435185185186,118,3650722201600,69793218560,3652.632742872811
OGSA,W02,F3,rep-20,3.0422685013332487,1.0,0.9966435185185186,115,3650722201600,56908316672,3607.1733638673322
OGSA,W02,F3,rep-21,3.0422685013332487,1.0,0.9966435185185186,119,3650722201600,61203283968,3636.720327034709
OGSA,W02,F3,rep-22,3.0422685013332487,1.0,0.9966435185185186,116,3650722201600,47244640256,3604.4189880922204
OGSA,W02,F3,rep-23,3.0422685013332487,1.0,0.9966435185185186,119,3650722201600,75161927680,3641.266408158117
OGSA,W02,F3,rep-24,3.0422685013332487,1.0,0.9966435185185186,119,3650722201600,56908316672,3633.0610217992216
OGSA,W02,F3,rep-25,3.0422685013332487,1.0,0.9966435185185186,117,3650722201600,68719476736,3615.9843971108785
OGSA,W02,F3,rep-26,3.0422685013332487,1.0,0.9966435185185186,115,3650722201600,54760833024,3586.5837461315095
OGSA,W02,F3,rep-27,3.0422685013332487,1.0,0.9966435185185186,115,3650722201600,55834574848,3587.2419490478933
OGSA,W02,F3,rep-28,3.0422685013332487,1.0,0.9966435185185186,110,3650722201600,26843545600,3553.1091949669644
OGSA,W02,F3,rep-29,3.0422685013332487,1.0,0.9966435185185186,118,3650722201600,54760833024,5497.407795293839
OGSA,W02,F3,rep-30,3.0422685013332487,1.0,0.9966435185185186,114,3650722201600,35433480192,3571.7079478345113
OGSA,W02,F4,rep-01,3.0422685013332487,1.0,0.9966435185185186,117,3650722201600,57982058496,3588.3768678468186
OGSA,W02,F4,rep-02,3.0207936648532603,0.9375,0.9584490740740742,114,3398392872960,56908316672,5534.93261479889
OGSA,W02,F4,rep-03,3.0422685013332487,1.0,0.9966435185185186,120,3650722201600,61203283968,3642.065028179786
OGSA,W02,F4,rep-04,3.0422685013332487,1.0,0.9966435185185186,117,3650722201600,60129542144,3627.646039138199
OGSA,W02,F4,rep-05,3.0422685013332487,1.0,0.9966435185185186,112,3650722201600,25769803776,3556.0107847850304
OGSA,W02,F4,rep-06,3.0422685013332487,1.0,0.9966435185185186,115,3650722201600,41875931136,5558.886260827421
OGSA,W02,F4,rep-07,3.0207936648532603,0.9375,0.9584490740740742,122,3398392872960,73014444032,3669.493967478047
OGSA,W02,F4,rep-08,3.0422685013332487,1.0,0.9966435185185186,113,3650722201600,24696061952,3594.366957389866
OGSA,W02,F4,rep-09,3.0422685013332487,1.0,0.9966435185185186,111,3650722201600,36507222016,3572.817016261979
OGSA,W02,F4,rep-10,3.0637433378132575,0.9375,0.8751157407407409,115,3446711255040,54760833024,3590.4136190656573
OGSA,W02,F4,rep-11,3.015838913138717,0.9366666666666666,0.9584490740740742,116,3389802938368,52613349376,5720.8029439498205
OGSA,W02,F4,rep-12,3.125893253981245,0.8916666666666667,0.8508101851851854,115,3344705781760,44023414784,3604.8866584314965
OGSA,W02,F4,rep-13,3.0637433378132575,0.9375,0.9445601851851853,119,3446711255040,64424509440,3649.893523484934
OGSA,W02,F4,rep-14,3.0422685013332487,1.0,0.9966435185185186,119,3650722201600,67645734912,5703.715677911532
OGSA,W02,F4,rep-15,3.0422685013332487,1.0,0.9966435185185186,116,3650722201600,49392123904,3905.9200157935265
OGSA,W02,F4,rep-16,3.0207936648532603,0.9375,0.9584490740740742,116,3398392872960,61203283968,3611.9578299258137
OGSA,W02,F4,rep-17,3.0422685013332487,1.0,0.9966435185185186,117,3650722201600,52613349376,3632.376842200756
OGSA,W02,F4,rep-18,3.0422685013332487,1.0,0.9966435185185186,116,3650722201600,57982058496,3616.564616051619
OGSA,W02,F4,rep-19,3.0637433378132575,0.9375,0.9445601851851853,118,3446711255040,69793218560,6388.377096809563
OGSA,W02,F4,rep-20,3.015838913138717,0.9366666666666666,0.9584490740740742,115,3389802938368,56908316672,3599.6342192956945
OGSA,W02,F4,rep-21,3.0637433378132575,0.9375,0.9445601851851853,119,3446711255040,61203283968,3669.1754548810422
OGSA,W02,F4,rep-22,3.0207936648532603,0.9375,0.9584490740740742,116,3398392872960,47244640256,3624.5472178125056
OGSA,W02,F4,rep-23,3.0422685013332487,1.0,0.9966435185185186,119,3650722201600,75161927680,3672.0347992231837
OGSA,W02,F4,rep-24,3.015838913138717,0.9366666666666666,0.9584490740740742,119,3389802938368,56908316672,3681.6467267926782
OGSA,W02,F4,rep-25,3.0207936648532603,0.9375,0.9584490740740742,117,3398392872960,68719476736,3635.9459288214566
OGSA,W02,F4,rep-26,3.0637433378132575,0.9375,0.9445601851851853,115,3446711255040,54760833024,3632.866345869843
OGSA,W02,F4,rep-27,3.015838913138717,0.9366666666666666,0.9584490740740742,115,3389802938368,55834574848,3618.7428331759293
OGSA,W02,F4,rep-28,3.0770656900740097,0.9,0.909837962962963,110,3323230945280,26843545600,3577.1354432072258
OGSA,W02,F4,rep-29,3.0637433378132575,0.9375,0.9445601851851853,118,3446711255040,54760833024,3702.342616059468
OGSA,W02,F4,rep-30,3.015838913138717,0.9366666666666666,0.9584490740740742,114,3389802938368,35433480192,3617.5847070553573
OGSA,W03,F0,rep-01,3.418078139733371,1.0,0.9497569444444447,123,4101693767680,70866960384,3687.1405149431666
OGSA,W03,F0,rep-02,3.418078139733371,1.0,0.9497569444444447,117,4101693767680,63350767616,3629.747251106892
OGSA,W03,F0,rep-03,3.418078139733371,1.0,0.9497569444444447,125,4101693767680,71940702208,3742.137619847199
OGSA,W03,F0,rep-04,3.418078139733371,1.0,0.9497569444444447,117,4101693767680,60129542144,3659.2522838764125
OGSA,W03,F0,rep-05,3.418078139733371,1.0,0.9497569444444447,113,4101693767680,27917287424,3597.052617755253
OGSA,W03,F0,rep-06,3.418078139733371,1.0,0.9497569444444447,116,4101693767680,44023414784,3653.5596336761955
OGSA,W03,F0,rep-07,3.418078139733371,1.0,0.9497569444444447,124,4101693767680,77309411328,3730.304762881133
OGSA,W03,F0,rep-08,3.418078139733371,1.0,0.9497569444444447,115,4101693767680,28991029248,3632.4362731393194
OGSA,W03,F0,rep-09,3.418078139733371,1.0,0.9497569444444447,112,4101693767680,38654705664,7182.333166943863
OGSA,W03,F0,rep-10,3.418078139733371,1.0,0.9497569444444447,119,4101693767680,63350767616,3683.734886813909
OGSA,W03,F0,rep-11,3.418078139733371,1.0,0.9497569444444447,119,4101693767680,59055800320,3669.6855410700664
OGSA,W03,F0,rep-12,3.418078139733371,1.0,0.9497569444444447,117,4101693767680,48318382080,7165.407085150946
OGSA,W03,F0,rep-13,3.418078139733371,1.0,0.9497569444444447,125,4101693767680,77309411328,3733.5668058512965
OGSA,W03,F0,rep-14,3.418078139733371,1.0,0.9497569444444447,120,4101693767680,69793218560,3708.569346796139
OGSA,W03,F0,rep-15,3.418078139733371,1.0,0.9497569444444447,125,4101693767680,70866960384,3728.1191797665088
OGSA,W03,F0,rep-16,3.418078139733371,1.0,0.9497569444444447,124,4101693767680,79456894976,3692.2585656575393
OGSA,W03,F0,rep-17,3.418078139733371,1.0,0.9497569444444447,118,4101693767680,54760833024,3679.711881908588
OGSA,W03,F0,rep-18,3.418078139733371,1.0,0.9497569444444447,118,4101693767680,62277025792,3778.913071117131
OGSA,W03,F0,rep-19,3.418078139733371,1.0,0.9497569444444447,119,4101693767680,71940702208,3680.0037717766827
OGSA,W03,F0,rep-20,3.418078139733371,1.0,0.9497569444444447,115,4101693767680,56908316672,3643.0798509682063
OGSA,W03,F0,rep-21,3.418078139733371,1.0,0.9497569444444447,130,4101693767680,86973087744,4032.027050096076
OGSA,W03,F0,rep-22,3.418078139733371,1.0,0.9497569444444447,117,4101693767680,49392123904,3650.2784851327306
OGSA,W03,F0,rep-23,3.418078139733371,1.0,0.9497569444444447,125,4101693767680,88046829568,8615.120118964114
OGSA,W03,F0,rep-24,3.418078139733371,1.0,0.9497569444444447,121,4101693767680,61203283968,4008.9123529032804
OGSA,W03,F0,rep-25,3.418078139733371,1.0,0.9497569444444447,119,4101693767680,73014444032,3689.5168108167127
OGSA,W03,F0,rep-26,3.418078139733371,1.0,0.9497569444444447,123,4101693767680,73014444032,3662.8227470064303
OGSA,W03,F0,rep-27,3.418078139733371,1.0,0.9497569444444447,116,4101693767680,57982058496,3889.043913964997
OGSA,W03,F0,rep-28,3.418078139733371,1.0,0.9497569444444447,110,4101693767680,26843545600,3589.6575672522886
OGSA,W03,F0,rep-29,3.418078139733371,1.0,0.9497569444444447,121,4101693767680,61203283968,3700.7644710538443
OGSA,W03,F0,rep-30,3.418078139733371,1.0,0.9497569444444447,116,4101693767680,39728447488,3842.5188453984447
OGSA,W03,F1,rep-01,3.4186112030502502,0.9791666666666666,0.937604166666667,123,4016868163584,70866960384,3701.679490521201
OGSA,W03,F1,rep-02,3.4204388487081228,0.9791666666666666,0.9376041666666667,117,4019015647232,63350767616,3628.595821908675
OGSA,W03,F1,rep-03,3.4341461911421653,0.9791666666666666,0.9315277777777782,125,4035121774592,71940702208,3759.710780228488
OGSA,W03,F1,rep-04,3.4332323683132295,0.9791666666666666,0.9141666666666667,117,4034048032768,60129542144,3643.1062329065753
OGSA,W03,F1,rep-05,3.418078139733371,1.0,0.9497569444444447,113,4101693767680,27917287424,9331.051591798314
OGSA,W03,F1,rep-06,3.418078139733371,1.0,0.9497569444444447,116,4101693767680,44023414784,3705.4002914082957
OGSA,W03,F1,rep-07,3.4341461911421653,0.9791666666666666,0.9341319444444447,124,4035121774592,77309411328,3763.2054761779727
OGSA,W03,F1,rep-08,3.4332323683132295,0.9791666666666666,0.9141666666666667,115,4034048032768,28991029248,3620.364239963237
OGSA,W03,F1,rep-09,3.418078139733371,1.0,0.9497569444444447,112,4101693767680,38654705664,3612.415474955924
OGSA,W03,F1,rep-10,3.4332323683132295,0.9791666666666666,0.9141666666666667,119,4034048032768,63350767616,3645.434491991182
OGSA,W03,F1,rep-11,3.4204388487081228,0.9791666666666666,0.9376041666666667,119,4019015647232,59055800320,3647.9906512540765
OGSA,W03,F1,rep-12,3.418078139733371,1.0,0.9497569444444447,117,4101693767680,48318382080,3651.0533621476498
OGSA,W03,F1,rep-13,3.418078139733371,1.0,0.9497569444444447,125,4101693767680,77309411328,3690.630876328214
OGSA,W03,F1,rep-14,3.4186112030502502,0.9791666666666666,0.9358680555555559,120,4016868163584,69793218560,3705.8511058276054
OGSA,W03,F1,rep-15,3.4332323683132295,0.9791666666666666,0.9141666666666667,125,4034048032768,70866960384,3691.9771867396776
OGSA,W03,F1,rep-16,3.4341461911421653,0.9791666666666666,0.9341319444444447,124,4035121774592,79456894976,3679.6948590199463
OGSA,W03,F1,rep-17,3.418078139733371,1.0,0.9497569444444447,118,4101693767680,54760833024,11468.84469075303
OGSA,W03,F1,rep-18,3.418078139733371,1.0,0.9497569444444447,118,4101693767680,62277025792,3639.2038148624124
OGSA,W03,F1,rep-19,3.418078139733371,1.0,0.9497569444444447,119,4101693767680,71940702208,3639.6691492263926
OGSA,W03,F1,rep-20,3.4341461911421653,0.9791666666666666,0.9341319444444447,115,4035121774592,56908316672,3603.6704187863506
OGSA,W03,F1,rep-21,3.418078139733371,1.0,0.9497569444444447,130,4101693767680,86973087744,3714.5826241903706
OGSA,W03,F1,rep-22,3.418078139733371,1.0,0.9497569444444447,117,4101693767680,49392123904,3644.507969132974
OGSA,W03,F1,rep-23,3.4341461911421653,0.9791666666666666,0.9341319444444447,125,4035121774592,88046829568,3749.4924140773946
OGSA,W03,F1,rep-24,3.4341461911421653,0.9791666666666666,0.9341319444444447,121,4035121774592,61203283968,3683.988161821617
OGSA,W03,F1,rep-25,3.4204388487081228,0.9791666666666666,0.9376041666666667,119,4019015647232,73014444032,3655.623290105723
OGSA,W03,F1,rep-26,3.4186112030502502,0.9791666666666666,0.937604166666667,123,4016868163584,73014444032,3666.1355012329295
OGSA,W03,F1,rep-27,3.418078139733371,1.0,0.9497569444444447,116,4101693767680,57982058496,3613.689034114941
OGSA,W03,F1,rep-28,3.4400713771518157,0.9608333333333333,0.9040393518518517,110,3966402297856,26843545600,3550.7414613093715
OGSA,W03,F1,rep-29,3.418078139733371,1.0,0.9497569444444447,121,4101693767680,61203283968,3670.9202365600504
OGSA,W03,F1,rep-30,3.4324533718033163,0.9658333333333333,0.9083796296296297,116,3978213457920,39728447488,3632.5356593879405
OGSA,W03,F2,rep-01,3.4665697059785283,0.93,0.9107986111111114,122,3868691791872,69793218560,3656.4894163166173
OGSA,W03,F2,rep-02,3.4058337154246003,0.95,0.9239930555555557,117,3882650435584,63350767616,3626.613264234038
OGSA,W03,F2,rep-03,3.39829868508074,0.95,0.8719184027777782,125,3874060500992,73014444032,3703.202114556916
OGSA,W03,F2,rep-04,3.4072279926929507,0.9525,0.9148524305555559,117,3894461595648,60129542144,3678.345889755292
OGSA,W03,F2,rep-05,3.4354077163304404,0.9483333333333334,0.9147656250000004,113,3909493981184,27917287424,3603.4115404472686
OGSA,W03,F2,rep-06,3.4179197707327775,0.9416666666666667,0.8706163194444448,116,3862249340928,44023414784,3624.50701079797
OGSA,W03,F2,rep-07,3.4387994731789835,0.95,0.9186805555555558,124,3920231399424,77309411328,3715.712134289788
OGSA,W03,F2,rep-08,3.403629949982521,0.9516666666666667,0.9168663194444449,115,3886945402880,28991029248,3602.602145896526
OGSA,W03,F2,rep-09,3.396108115838917,0.9516666666666667,0.9199826388888893,112,3878355468288,38654705664,3551.427492435323
OGSA,W03,F2,rep-10,3.4135374404776484,0.9491666666666667,0.923793402777778,119,3888019144704,64424509440,3623.2662161346525
OGSA,W03,F2,rep-11,3.400182442666703,0.945,0.8693142361111114,119,3855806889984,59055800320,3624.9202069302555
OGSA,W03,F2,rep-12,3.4275339447336615,0.9541666666666667,0.918559027777778,117,3924526366720,48318382080,3835.1104709436186
OGSA,W03,F2,rep-13,3.4118030251775244,0.9625,0.9276649305555558,125,3940632494080,77309411328,3680.159643990919
OGSA,W03,F2,rep-14,3.4206616734648243,0.9466666666666667,0.8714843750000004,120,3885871661056,69793218560,3660.237841831986
OGSA,W03,F2,rep-15,3.3812863650186693,0.9391666666666667,0.8632378472222225,125,3810709733376,70866960384,12377.099640783854
OGSA,W03,F2,rep-16,3.4323275285505277,0.9325,0.8636718750000004,124,3840774504448,79456894976,3658.2703242311254
OGSA,W03,F2,rep-17,3.391406969499163,0.9516666666666667,0.9186805555555559,118,3872986759168,54760833024,12534.444004821125
OGSA,W03,F2,rep-18,3.3959990329628087,0.9625,0.9278211805555557,118,3922378883072,62277025792,3612.106279033469
OGSA,W03,F2,rep-19,3.431986466631334,0.9425,0.8714843750000004,119,3881576693760,71940702208,13392.072700895369
OGSA,W03,F2,rep-20,3.414726648763289,0.9433333333333334,0.9202083333333336,115,3865470566400,56908316672,3777.829935454065
OGSA,W03,F2,rep-21,3.382004676819651,0.9516666666666667,0.8719184027777781,130,3862249340928,86973087744,3680.8184748515487
OGSA,W03,F2,rep-22,3.407101692850651,0.9483333333333334,0.9191319444444447,117,3877281726464,49392123904,3602.836289588595
OGSA,W03,F2,rep-23,3.4297190300582874,0.9441666666666667,0.9213454861111114,125,3885871661056,88046829568,3677.504672523355
OGSA,W03,F2,rep-24,3.3984721675343565,0.9591666666666666,0.9174045138888891,121,3911641464832,61203283968,3639.4586560491007
OGSA,W03,F2,rep-25,3.411758330629408,0.9533333333333334,0.8706163194444448,119,3903051530240,73014444032,3613.6944001773372
OGSA,W03,F2,rep-26,3.429800756627215,0.9566666666666667,0.9199565972222224,123,3937411268608,74088185856,3632.1541679499205
OGSA,W03,F2,rep-27,3.4051882320559796,0.9533333333333334,0.9200607638888892,116,3895535337472,57982058496,3588.1307753152214
OGSA,W03,F2,rep-28,3.3968771688021486,0.9475,0.870182291666667,110,3862249340928,26843545600,3561.567246564664
OGSA,W03,F2,rep-29,3.3981541596513036,0.9558333333333333,0.9264756944444447,121,3897682821120,61203283968,3635.007327684434
OGSA,W03,F2,rep-30,3.381485445731381,0.9491666666666667,0.9131163194444448,116,3851511922688,39728447488,3583.4859092719853
OGSA,W03,F3,rep-01,3.418078139733371,1.0,0.9497569444444447,123,4101693767680,70866960384,3637.257071386557
OGSA,W03,F3,rep-02,3.418078139733371,1.0,0.9497569444444447,117,4101693767680,63350767616,3578.5351532977074
OGSA,W03,F3,rep-03,3.418078139733371,1.0,0.9497569444444447,125,4101693767680,71940702208,3656.2963617325295
OGSA,W03,F3,rep-04,3.418078139733371,1.0,0.9497569444444447,117,4101693767680,60129542144,3613.172422279604
OGSA,W03,F3,rep-05,3.418078139733371,1.0,0.9497569444444447,113,4101693767680,27917287424,3552.290661347797
OGSA,W03,F3,rep-06,3.418078139733371,1.0,0.9497569444444447,116,4101693767680,44023414784,3785.124792397255
OGSA,W03,F3,rep-07,3.418078139733371,1.0,0.9497569444444447,124,4101693767680,77309411328,3684.151188703254
OGSA,W03,F3,rep-08,3.418078139733371,1.0,0.9497569444444447,115,4101693767680,28991029248,3564.372839697171
OGSA,W03,F3,rep-09,3.418078139733371,1.0,0.9497569444444447,112,4101693767680,38654705664,3533.3532239019405
OGSA,W03,F3,rep-10,3.418078139733371,1.0,0.9497569444444447,119,4101693767680,63350767616,3616.216611728305
OGSA,W03,F3,rep-11,3.418078139733371,1.0,0.9497569444444447,119,4101693767680,59055800320,3864.9443685717415
OGSA,W03,F3,rep-12,3.418078139733371,1.0,0.9497569444444447,117,4101693767680,48318382080,3622.263385244878
OGSA,W03,F3,rep-13,3.418078139733371,1.0,0.9497569444444447,125,4101693767680,77309411328,3704.459828819381
OGSA,W03,F3,rep-14,3.418078139733371,1.0,0.9497569444444447,120,4101693767680,69793218560,3676.4573342807125
OGSA,W03,F3,rep-15,3.418078139733371,1.0,0.9497569444444447,125,4101693767680,70866960384,3663.662923121592
OGSA,W03,F3,rep-16,3.418078139733371,1.0,0.9497569444444447,124,4101693767680,79456894976,4647.116227250081
OGSA,W03,F3,rep-17,3.418078139733371,1.0,0.9497569444444447,118,4101693767680,54760833024,3643.914903514087
OGSA,W03,F3,rep-18,3.418078139733371,1.0,0.9497569444444447,118,4101693767680,62277025792,3726.8959264911246
OGSA,W03,F3,rep-19,3.418078139733371,1.0,0.9497569444444447,119,4101693767680,71940702208,15311.258630739758
OGSA,W03,F3,rep-20,3.418078139733371,1.0,0.9497569444444447,115,4101693767680,56908316672,3696.652009326499
OGSA,W03,F3,rep-21,3.418078139733371,1.0,0.9497569444444447,130,4101693767680,86973087744,10432.411142101046
OGSA,W03,F3,rep-22,3.418078139733371,1.0,0.9497569444444447,117,4101693767680,49392123904,3729.2512715794146
OGSA,W03,F3,rep-23,3.418078139733371,1.0,0.9497569444444447,125,4101693767680,88046829568,3805.5408681102563
OGSA,W03,F3,rep-24,3.418078139733371,1.0,0.9497569444444447,121,4101693767680,61203283968,3699.3406916735694
OGSA,W03,F3,rep-25,3.418078139733371,1.0,0.9497569444444447,119,4101693767680,73014444032,3669.6279949101154
OGSA,W03,F3,rep-26,3.418078139733371,1.0,0.9497569444444447,123,4101693767680,73014444032,3859.7883706679568
OGSA,W03,F3,rep-27,3.418078139733371,1.0,0.9497569444444447,116,4101693767680,57982058496,3650.4449490457773
OGSA,W03,F3,rep-28,3.418078139733371,1.0,0.9497569444444447,110,4101693767680,26843545600,3726.3924517610576
OGSA,W03,F3,rep-29,3.418078139733371,1.0,0.9497569444444447,121,4101693767680,61203283968,3766.706463531591
OGSA,W03,F3,rep-30,3.418078139733371,1.0,0.9497569444444447,116,4101693767680,39728447488,3756.8776999250986
OGSA,W03,F4,rep-01,3.418078139733371,1.0,0.9497569444444447,123,4101693767680,70866960384,4061.7608760658186
OGSA,W03,F4,rep-02,3.3953457677838186,0.925,0.9080902777777778,117,3768833802240,63350767616,3768.3641217881814
OGSA,W03,F4,rep-03,3.418078139733371,1.0,0.9497569444444447,125,4101693767680,71940702208,3816.479321802035
OGSA,W03,F4,rep-04,3.418078139733371,1.0,0.9497569444444447,117,4101693767680,60129542144,3810.9181630134117
OGSA,W03,F4,rep-05,3.418078139733371,1.0,0.9497569444444447,113,4101693767680,27917287424,3731.587327172747
OGSA,W03,F4,rep-06,3.418078139733371,1.0,0.9497569444444447,116,4101693767680,44023414784,3683.3738011482637
OGSA,W03,F4,rep-07,3.3977309773151068,0.9125,0.9028819444444446,124,3720515420160,77309411328,3857.079857640201
OGSA,W03,F4,rep-08,3.418078139733371,1.0,0.9497569444444447,115,4101693767680,28991029248,3752.1428341569845
OGSA,W03,F4,rep-09,3.418078139733371,1.0,0.9497569444444447,112,4101693767680,38654705664,3624.1300055989996
OGSA,W03,F4,rep-10,3.4216572791467,0.9375,0.8195486111111113,119,3849364439040,63350767616,3785.3254142683
OGSA,W03,F4,rep-11,3.3597419884413227,0.9366666666666666,0.9132986111111112,119,3776349995008,59055800320,3725.645027938299
OGSA,W03,F4,rep-12,3.438942708202796,0.9041666666666667,0.7961111111111112,117,3731252838400,48318382080,3789.7089965990745
OGSA,W03,F4,rep-13,3.441857353643871,0.9125,0.8898611111111113,125,3768833802240,77309411328,4297.448820056161
OGSA,W03,F4,rep-14,3.418078139733371,1.0,0.9497569444444447,120,4101693767680,69793218560,3828.396136406809
OGSA,W03,F4,rep-15,3.418078139733371,1.0,0.9497569444444447,125,4101693767680,70866960384,3834.6673792984802
OGSA,W03,F4,rep-16,3.378707606186703,0.9375,0.9132986111111112,124,3801046056960,79456894976,3803.30820652307
OGSA,W03,F4,rep-17,3.418078139733371,1.0,0.9497569444444447,118,4101693767680,54760833024,3800.5811317125335
OGSA,W03,F4,rep-18,3.418078139733371,1.0,0.9497569444444447,118,4101693767680,62277025792,3682.5302051147446
OGSA,W03,F4,rep-19,3.427148561534287,0.9125,0.8898611111111113,119,3752727674880,71940702208,21814.680250972742
OGSA,W03,F4,rep-20,3.4129650834286114,0.8866666666666667,0.8898611111111112,115,3631394848768,56908316672,3828.217400034191
OGSA,W03,F4,rep-21,3.4073407214933717,0.9375,0.9028819444444447,130,3833258311680,86973087744,21956.212192191742
OGSA,W03,F4,rep-22,3.378707606186703,0.9375,0.9132986111111112,117,3801046056960,49392123904,3814.486279588891
OGSA,W03,F4,rep-23,3.418078139733371,1.0,0.9497569444444447,125,4101693767680,88046829568,3884.8886771011166
OGSA,W03,F4,rep-24,3.3597419884413227,0.9366666666666666,0.9132986111111112,121,3776349995008,61203283968,3838.5882413131185
OGSA,W03,F4,rep-25,3.378707606186703,0.9375,0.9132986111111112,119,3801046056960,73014444032,3799.73879471072
OGSA,W03,F4,rep-26,3.4073407214933717,0.9375,0.9028819444444447,123,3833258311680,73014444032,3829.0792083425913
OGSA,W03,F4,rep-27,3.3597419884413227,0.9366666666666666,0.9132986111111112,116,3776349995008,57982058496,3789.696859981632
OGSA,W03,F4,rep-28,3.3732163237991335,0.9125,0.8690277777777781,110,3693671874560,26843545600,3733.798080938868
OGSA,W03,F4,rep-29,3.4598347662222557,0.9,0.8872569444444447,121,3736621547520,61203283968,3831.853408162715
OGSA,W03,F4,rep-30,3.3761386296555855,0.9241666666666667,0.9054861111111112,116,3744137740288,39728447488,3817.7032487583347
Proposed,W01,F0,rep-01,3.822520893439982,1.0,0.9835416666666669,200,5334349381632,444529115136,4097.635873
Proposed,W01,F0,rep-02,3.822520893439982,1.0,0.9835416666666669,200,5334349381632,444529115136,4273.340752999926
Proposed,W01,F0,rep-03,3.822520893439982,1.0,0.9835416666666669,200,5334349381632,444529115136,4352.678933000187
Proposed,W01,F0,rep-04,3.822520893439982,1.0,0.9835416666666669,200,5334349381632,444529115136,4361.582474998557
Proposed,W01,F0,rep-05,3.822520893439982,1.0,0.9835416666666669,200,5334349381632,444529115136,4362.692646000141
Proposed,W01,F0,rep-06,3.822520893439982,1.0,0.9835416666666669,200,5334349381632,444529115136,4456.013982000231
Proposed,W01,F0,rep-07,3.822520893439982,1.0,0.9835416666666669,200,5334349381632,444529115136,4466.554334998932
Proposed,W01,F0,rep-08,3.822520893439982,1.0,0.9835416666666669,200,5334349381632,444529115136,4476.458696000691
Proposed,W01,F0,rep-09,3.822520893439982,1.0,0.9835416666666669,200,5334349381632,444529115136,4463.7891689978915
Proposed,W01,F0,rep-10,3.822520893439982,1.0,0.9835416666666669,200,5334349381632,444529115136,4512.084955997125
Proposed,W01,F0,rep-11,3.822520893439982,1.0,0.9835416666666669,200,5334349381632,444529115136,4451.174567000066
Proposed,W01,F0,rep-12,3.822520893439982,1.0,0.9835416666666669,200,5334349381632,444529115136,4478.468499997234
Proposed,W01,F0,rep-13,3.822520893439982,1.0,0.9835416666666669,200,5334349381632,444529115136,4476.188493999416
Proposed,W01,F0,rep-14,3.822520893439982,1.0,0.9835416666666669,200,5334349381632,444529115136,4429.55511199898
Proposed,W01,F0,rep-15,3.822520893439982,1.0,0.9835416666666669,200,5334349381632,444529115136,4449.1197230026955
Proposed,W01,F0,rep-16,3.822520893439982,1.0,0.9835416666666669,200,5334349381632,444529115136,4573.04774700583
Proposed,W01,F0,rep-17,3.822520893439982,1.0,0.9835416666666669,200,5334349381632,444529115136,4373.004226996045
Proposed,W01,F0,rep-18,3.822520893439982,1.0,0.9835416666666669,200,5334349381632,444529115136,4493.968622996817
Proposed,W01,F0,rep-19,3.822520893439982,1.0,0.9835416666666669,200,5334349381632,444529115136,4512.4932049996005
Proposed,W01,F0,rep-20,3.822520893439982,1.0,0.9835416666666669,200,5334349381632,444529115136,4390.114516998892
Proposed,W01,F0,rep-21,3.822520893439982,1.0,0.9835416666666669,200,5334349381632,444529115136,4392.830760004017
Proposed,W01,F0,rep-22,3.822520893439982,1.0,0.9835416666666669,200,5334349381632,444529115136,4417.0696380033405
Proposed,W01,F0,rep-23,3.822520893439982,1.0,0.9835416666666669,200,5334349381632,444529115136,4387.10844899515
Proposed,W01,F0,rep-24,3.822520893439982,1.0,0.9835416666666669,200,5334349381632,444529115136,4431.304824987365
Proposed,W01,F0,rep-25,3.822520893439982,1.0,0.9835416666666669,200,5334349381632,444529115136,4597.336682995774
Proposed,W01,F0,rep-26,3.822520893439982,1.0,0.9835416666666669,200,5334349381632,444529115136,4437.571117001426
Proposed,W01,F0,rep-27,3.822520893439982,1.0,0.9835416666666669,200,5334349381632,444529115136,4430.663241996172
Proposed,W01,F0,rep-28,3.822520893439982,1.0,0.9835416666666669,200,5334349381632,444529115136,4457.112741997207
Proposed,W01,F0,rep-29,3.822520893439982,1.0,0.9835416666666669,200,5334349381632,444529115136,4635.489207003502
Proposed,W01,F0,rep-30,3.822520893439982,1.0,0.9835416666666669,200,5334349381632,444529115136,4451.938491996771
Proposed,W01,F1,rep-01,3.8243485390978544,0.9791666666666666,0.973125,200,5220532748288,444529115136,4456.482702006269
Proposed,W01,F1,rep-02,3.818865602124237,0.9791666666666666,0.973125,200,5223753973760,444529115136,4490.503049000381
Proposed,W01,F1,rep-03,3.812284372573348,0.9791666666666666,0.9731250000000002,200,5242007584768,444529115136,4451.996883005904
Proposed,W01,F1,rep-04,3.821607070611045,0.9791666666666666,0.9314583333333334,200,5226975199232,444529115136,4482.932326010996
Proposed,W01,F1,rep-05,3.822520893439982,1.0,0.9835416666666669,200,5334349381632,444529115136,4722.306618999028
Proposed,W01,F1,rep-06,3.822520893439982,1.0,0.9835416666666669,200,5334349381632,444529115136,4479.637347003063
Proposed,W01,F1,rep-07,3.8252623619267894,0.9791666666666666,0.9731250000000002,200,5221606490112,444529115136,4510.499967032956
Proposed,W01,F1,rep-08,3.821607070611045,0.9791666666666666,0.9314583333333334,200,5226975199232,444529115136,4505.096829000649
Proposed,W01,F1,rep-09,3.822520893439982,1.0,0.9835416666666669,200,5334349381632,444529115136,4520.832219001022
Proposed,W01,F1,rep-10,3.821607070611045,0.9791666666666666,0.9314583333333334,200,5226975199232,444529115136,4548.834794982213
Proposed,W01,F1,rep-11,3.818865602124237,0.9791666666666666,0.973125,200,5223753973760,444529115136,4526.304872988476
Proposed,W01,F1,rep-12,3.822520893439982,1.0,0.9835416666666669,200,5334349381632,444529115136,4540.223527988928
Proposed,W01,F1,rep-13,3.822520893439982,1.0,0.9835416666666669,200,5334349381632,444529115136,4258.990546011773
Proposed,W01,F1,rep-14,3.811373650076318,0.9791666666666666,0.973125,200,5240933842944,444529115136,4568.255954004599
Proposed,W01,F1,rep-15,3.821607070611045,0.9791666666666666,0.9314583333333334,200,5226975199232,444529115136,4250.280758996269
Proposed,W01,F1,rep-16,3.8252623619267894,0.9791666666666666,0.9731250000000002,200,5221606490112,444529115136,4586.146756994822
Proposed,W01,F1,rep-17,3.822520893439982,1.0,0.9835416666666669,200,5334349381632,444529115136,4543.618962979963
Proposed,W01,F1,rep-18,3.822520893439982,1.0,0.9835416666666669,200,5334349381632,444529115136,4561.450602993318
Proposed,W01,F1,rep-19,3.822520893439982,1.0,0.9835416666666669,200,5334349381632,444529115136,4269.858672992996
Proposed,W01,F1,rep-20,3.8252623619267894,0.9791666666666666,0.9731250000000002,200,5221606490112,444529115136,4588.6387530135835
Proposed,W01,F1,rep-21,3.822520893439982,1.0,0.9835416666666669,200,5334349381632,444529115136,4621.32275699696
Proposed,W01,F1,rep-22,3.822520893439982,1.0,0.9835416666666669,200,5334349381632,444529115136,4231.076078006481
Proposed,W01,F1,rep-23,3.8252623619267894,0.9791666666666666,0.9731250000000002,200,5221606490112,444529115136,4614.072082969869
Proposed,W01,F1,rep-24,3.8252623619267894,0.9791666666666666,0.9731250000000002,200,5221606490112,444529115136,4594.491804016798
Proposed,W01,F1,rep-25,3.818865602124237,0.9791666666666666,0.973125,200,5223753973760,444529115136,4615.635707002184
Proposed,W01,F1,rep-26,3.8243485390978544,0.9791666666666666,0.973125,200,5220532748288,444529115136,4624.251173022458
Proposed,W01,F1,rep-27,3.822520893439982,1.0,0.9835416666666669,200,5334349381632,444529115136,4641.2064669866595
Proposed,W01,F1,rep-28,3.8092269470476006,0.9825,0.9402083333333334,200,5226975199232,444529115136,4630.577085014011
Proposed,W01,F1,rep-29,3.822520893439982,1.0,0.9835416666666669,200,5334349381632,444529115136,4248.3294020221365
Proposed,W01,F1,rep-30,3.8078151005743224,0.9833333333333333,0.9427083333333331,200,5229122682880,444529115136,4262.769551008205
Proposed,W01,F2,rep-01,3.8441808578206715,0.9691666666666666,0.9679166666666668,200,5181878042624,444529115136,4626.202160003231
Proposed,W01,F2,rep-02,3.8477288770533384,0.9683333333333334,0.9679166666666668,200,5185099268096,444529115136,4683.106628017413
Proposed,W01,F2,rep-03,3.8427194476485607,0.9683333333333334,0.905416666666667,200,5193689202688,444529115136,4670.758421971186
Proposed,W01,F2,rep-04,3.8440326917727883,0.9691666666666666,0.9679166666666668,200,5189394235392,444529115136,4705.611372966814
Proposed,W01,F2,rep-05,3.8453436775236285,0.9691666666666666,0.9679166666666668,200,5194762944512,444529115136,4715.9823139845685
Proposed,W01,F2,rep-06,3.8440326917727883,0.9683333333333334,0.905416666666667,200,5199057911808,444529115136,4698.246797997854
Proposed,W01,F2,rep-07,3.8453436775236285,0.9691666666666666,0.9679166666666668,200,5194762944512,444529115136,4255.453446970932
Proposed,W01,F2,rep-08,3.8427194476485607,0.9691666666666666,0.9679166666666668,200,5193689202688,444529115136,4245.117877957455
Proposed,W01,F2,rep-09,3.8477288770533384,0.9683333333333334,0.9679166666666668,200,5185099268096,444529115136,4260.83002201085
Proposed,W01,F2,rep-10,3.8477288770533384,0.9683333333333334,0.9679166666666668,200,5185099268096,444529115136,4713.769953974406
Proposed,W01,F2,rep-11,3.8440326917727883,0.9683333333333334,0.905416666666667,200,5199057911808,444529115136,4705.117606034037
Proposed,W01,F2,rep-12,3.8440326917727883,0.9691666666666666,0.9679166666666668,200,5189394235392,444529115136,4741.819744993336
Proposed,W01,F2,rep-13,3.8373068464262117,0.9691666666666666,0.9679166666666668,200,5179730558976,444529115136,4733.214854008111
Proposed,W01,F2,rep-14,3.8456447898394983,0.9683333333333334,0.905416666666667,200,5189394235392,444529115136,4756.48680699851
Proposed,W01,F2,rep-15,3.8456447898394983,0.9683333333333334,0.905416666666667,200,5189394235392,444529115136,4274.8481349754
Proposed,W01,F2,rep-16,3.8428654753684035,0.9683333333333334,0.905416666666667,200,5186173009920,444529115136,4270.221823962856
Proposed,W01,F2,rep-17,3.8477288770533384,0.9683333333333334,0.9679166666666668,200,5185099268096,444529115136,4278.761766980097
Proposed,W01,F2,rep-18,3.843644289874229,0.9683333333333334,0.9679166666666668,200,5176509333504,444529115136,4776.242215028105
Proposed,W01,F2,rep-19,3.8427194476485607,0.9683333333333334,0.905416666666667,200,5193689202688,444529115136,4790.101648955897
Proposed,W01,F2,rep-20,3.843644289874229,0.9683333333333334,0.9679166666666668,200,5176509333504,444529115136,4786.4196430400625
Proposed,W01,F2,rep-21,3.8440326917727883,0.9683333333333334,0.905416666666667,200,5199057911808,444529115136,4854.588517991942
Proposed,W01,F2,rep-22,3.839804166823713,0.9691666666666666,0.9679166666666668,200,5197984169984,444529115136,4833.280645991181
Proposed,W01,F2,rep-23,3.839804166823713,0.9691666666666666,0.9679166666666668,200,5197984169984,444529115136,4257.296810988919
Proposed,W01,F2,rep-24,3.8453436775236285,0.9691666666666666,0.9679166666666668,200,5194762944512,444529115136,4248.976355047489
Proposed,W01,F2,rep-25,3.839944920971559,0.9683333333333334,0.905416666666667,200,5190467977216,444529115136,4801.468582078087
Proposed,W01,F2,rep-26,3.8453436775236285,0.9691666666666666,0.9679166666666668,200,5194762944512,444529115136,4260.537616066358
Proposed,W01,F2,rep-27,3.838488413851961,0.9691666666666666,0.9679166666666668,200,5192615460864,444529115136,4815.590798052654
Proposed,W01,F2,rep-28,3.8428654753684035,0.9683333333333334,0.905416666666667,200,5186173009920,444529115136,4244.617725033095
Proposed,W01,F2,rep-29,3.8464188165512314,0.9683333333333334,0.9679166666666668,200,5179730558976,444529115136,4262.396142003126
Proposed,W01,F2,rep-30,3.835716274891548,0.9691666666666666,0.9679166666666668,200,5189394235392,444529115136,4239.144583032612
Proposed,W01,F3,rep-01,3.822520893439982,1.0,0.9835416666666669,200,5334349381632,444529115136,5052.985497950431
Proposed,W01,F3,rep-02,3.822520893439982,1.0,0.9835416666666669,200,5334349381632,444529115136,4874.350275988036
Proposed,W01,F3,rep-03,3.822520893439982,1.0,0.9835416666666669,200,5334349381632,444529115136,4298.5447899700375
Proposed,W01,F3,rep-04,3.822520893439982,1.0,0.9835416666666669,200,5334349381632,444529115136,4871.645049030121
Proposed,W01,F3,rep-05,3.822520893439982,1.0,0.9835416666666669,200,5334349381632,444529115136,4286.9887059951
Proposed,W01,F3,rep-06,3.822520893439982,1.0,0.9835416666666669,200,5334349381632,444529115136,4264.07249501608
Proposed,W01,F3,rep-07,3.822520893439982,1.0,0.9835416666666669,200,5334349381632,444529115136,4890.9247720021085
Proposed,W01,F3,rep-08,3.822520893439982,1.0,0.9835416666666669,200,5334349381632,444529115136,4264.284399994722
Proposed,W01,F3,rep-09,3.822520893439982,1.0,0.9835416666666669,200,5334349381632,444529115136,4929.227626011198
Proposed,W01,F3,rep-10,3.822520893439982,1.0,0.9835416666666669,200,5334349381632,444529115136,4255.286631036142
Proposed,W01,F3,rep-11,3.822520893439982,1.0,0.9835416666666669,200,5334349381632,444529115136,4281.060370016348
Proposed,W01,F3,rep-12,3.822520893439982,1.0,0.9835416666666669,200,5334349381632,444529115136,4957.026593936462
Proposed,W01,F3,rep-13,3.822520893439982,1.0,0.9835416666666669,200,5334349381632,444529115136,4262.147758039646
Proposed,W01,F3,rep-14,3.822520893439982,1.0,0.9835416666666669,200,5334349381632,444529115136,4275.959812010115
Proposed,W01,F3,rep-15,3.822520893439982,1.0,0.9835416666666669,200,5334349381632,444529115136,4253.26588297321
Proposed,W01,F3,rep-16,3.822520893439982,1.0,0.9835416666666669,200,5334349381632,444529115136,4266.430226962257
Proposed,W01,F3,rep-17,3.822520893439982,1.0,0.9835416666666669,200,5334349381632,444529115136,4274.079776027065
Proposed,W01,F3,rep-18,3.822520893439982,1.0,0.9835416666666669,200,5334349381632,444529115136,4958.748559904052
Proposed,W01,F3,rep-19,3.822520893439982,1.0,0.9835416666666669,200,5334349381632,444529115136,4965.893107946613
Proposed,W01,F3,rep-20,3.822520893439982,1.0,0.9835416666666669,200,5334349381632,444529115136,4262.044916042214
Proposed,W01,F3,rep-21,3.822520893439982,1.0,0.9835416666666669,200,5334349381632,444529115136,4243.641606961319
Proposed,W01,F3,rep-22,3.822520893439982,1.0,0.9835416666666669,200,5334349381632,444529115136,4238.697286011302
Proposed,W01,F3,rep-23,3.822520893439982,1.0,0.9835416666666669,200,5334349381632,444529115136,4252.716732971749
Proposed,W01,F3,rep-24,3.822520893439982,1.0,0.9835416666666669,200,5334349381632,444529115136,5004.691682992416
Proposed,W01,F3,rep-25,3.822520893439982,1.0,0.9835416666666669,200,5334349381632,444529115136,5008.198757121136
Proposed,W01,F3,rep-26,3.822520893439982,1.0,0.9835416666666669,200,5334349381632,444529115136,4246.9770020579745
Proposed,W01,F3,rep-27,3.822520893439982,1.0,0.9835416666666669,200,5334349381632,444529115136,4254.432137091499
Proposed,W01,F3,rep-28,3.822520893439982,1.0,0.9835416666666669,200,5334349381632,444529115136,4240.69820497607
Proposed,W01,F3,rep-29,3.822520893439982,1.0,0.9835416666666669,200,5334349381632,444529115136,5030.619150951679
Proposed,W01,F3,rep-30,3.822520893439982,1.0,0.9835416666666669,200,5334349381632,444529115136,4288.152155040734
Proposed,W01,F4,rep-01,3.822520893439982,1.0,0.9835416666666669,200,5334349381632,444529115136,4232.827235995501
Proposed,W01,F4,rep-02,3.780941954723388,0.96,0.9635416666666667,200,5012226834432,444529115136,4267.648209977779
Proposed,W01,F4,rep-03,3.822520893439982,1.0,0.9835416666666669,200,5334349381632,444529115136,5074.49671104041
Proposed,W01,F4,rep-04,3.822520893439982,1.0,0.9835416666666669,200,5334349381632,444529115136,5087.851994958328
Proposed,W01,F4,rep-05,3.822520893439982,1.0,0.9835416666666669,200,5334349381632,444529115136,4254.22086400431
Proposed,W01,F4,rep-06,3.822520893439982,1.0,0.9835416666666669,200,5334349381632,444529115136,4278.623056008655
Proposed,W01,F4,rep-07,3.7808210786878145,0.9575,0.9622916666666668,200,5034775412736,444529115136,4250.40817496847
Proposed,W01,F4,rep-08,3.822520893439982,1.0,0.9835416666666669,200,5334349381632,444529115136,4258.9694120542845
Proposed,W01,F4,rep-09,3.822520893439982,1.0,0.9835416666666669,200,5334349381632,444529115136,4247.893626066798
Proposed,W01,F4,rep-10,3.8196575819093197,0.9375,0.827291666666667,200,5012226834432,444529115136,5107.366714004456
Proposed,W01,F4,rep-11,3.8316534306619063,0.9366666666666666,0.9522916666666668,200,4984309547008,444529115136,4243.857400924753
Proposed,W01,F4,rep-12,3.7893428391957533,0.9525,0.866041666666667,200,5044439089152,444529115136,4250.265340091573
Proposed,W01,F4,rep-13,3.7906769406648917,0.9525,0.9597916666666667,200,5057323991040,444529115136,4264.794836049987
Proposed,W01,F4,rep-14,3.822520893439982,1.0,0.9835416666666669,200,5334349381632,444529115136,4249.663335958758
Proposed,W01,F4,rep-15,3.822520893439982,1.0,0.9835416666666669,200,5334349381632,444529115136,5119.840184990608
Proposed,W01,F4,rep-16,3.811067647317317,0.9375,0.9522916666666668,200,5002563158016,444529115136,4247.741297938774
Proposed,W01,F4,rep-17,3.822520893439982,1.0,0.9835416666666669,200,5334349381632,444529115136,4224.92670399879
Proposed,W01,F4,rep-18,3.822520893439982,1.0,0.9835416666666669,200,5334349381632,444529115136,5151.492043998587
Proposed,W01,F4,rep-19,3.7906769406648917,0.96,0.9635416666666667,200,5057323991040,444529115136,4272.013249985321
Proposed,W01,F4,rep-20,3.7751399050158585,0.9466666666666667,0.9572916666666668,200,5028332961792,444529115136,4229.131857977336
Proposed,W01,F4,rep-21,3.8311108280319837,0.9375,0.9522916666666668,200,4996120707072,444529115136,4225.708417983697
Proposed,W01,F4,rep-22,3.811067647317317,0.9375,0.9522916666666668,200,5002563158016,444529115136,4250.115604052553
Proposed,W01,F4,rep-23,3.822520893439982,1.0,0.9835416666666669,200,5334349381632,444529115136,4257.209492032416
Proposed,W01,F4,rep-24,3.8316534306619063,0.9366666666666666,0.9522916666666668,200,4984309547008,444529115136,4246.188853983767
Proposed,W01,F4,rep-25,3.811067647317317,0.9375,0.9522916666666668,200,5002563158016,444529115136,4235.709901960945
Proposed,W01,F4,rep-26,3.8311108280319837,0.9375,0.9522916666666668,200,4996120707072,444529115136,4255.161590965145
Proposed,W01,F4,rep-27,3.8316534306619063,0.9366666666666666,0.9522916666666668,200,4984309547008,444529115136,5217.560587883781
Proposed,W01,F4,rep-28,3.7906769406648917,0.96,0.9635416666666667,200,5057323991040,444529115136,4274.908081959438
Proposed,W01,F4,rep-29,3.7906769406648917,0.9525,0.9597916666666667,200,5057323991040,444529115136,4239.465125992865
Proposed,W01,F4,rep-30,3.7751399050158585,0.9491666666666667,0.9585416666666667,200,5028332961792,444529115136,5220.288316984806
Proposed,W02,F0,rep-01,2.5590846805332594,1.0,0.9966435185185186,124,3650722201600,84825604096,3240.3545830202347
Proposed,W02,F0,rep-02,2.5590846805332594,1.0,0.9966435185185186,124,3650722201600,84825604096,3218.9909059889033
Proposed,W02,F0,rep-03,2.5590846805332594,1.0,0.9966435185185186,124,3650722201600,84825604096,3239.256957942416
Proposed,W02,F0,rep-04,2.5590846805332594,1.0,0.9966435185185186,124,3650722201600,84825604096,3222.2934400670056
Proposed,W02,F0,rep-05,2.5590846805332594,1.0,0.9966435185185186,124,3650722201600,84825604096,3236.808683093841
Proposed,W02,F0,rep-06,2.5590846805332594,1.0,0.9966435185185186,124,3650722201600,84825604096,4270.598763108865
Proposed,W02,F0,rep-07,2.5590846805332594,1.0,0.9966435185185186,124,3650722201600,84825604096,3404.8078139239806
Proposed,W02,F0,rep-08,2.5590846805332594,1.0,0.9966435185185186,124,3650722201600,84825604096,3221.9415720028337
Proposed,W02,F0,rep-09,2.5590846805332594,1.0,0.9966435185185186,124,3650722201600,84825604096,3236.156503931852
Proposed,W02,F0,rep-10,2.5590846805332594,1.0,0.9966435185185186,124,3650722201600,84825604096,3230.7490880120895
Proposed,W02,F0,rep-11,2.5590846805332594,1.0,0.9966435185185186,124,3650722201600,84825604096,3246.1808660591487
Proposed,W02,F0,rep-12,2.5590846805332594,1.0,0.9966435185185186,124,3650722201600,84825604096,3239.093609925476
Proposed,W02,F0,rep-13,2.5590846805332594,1.0,0.9966435185185186,124,3650722201600,84825604096,3247.413135730312
Proposed,W02,F0,rep-14,2.5590846805332594,1.0,0.9966435185185186,124,3650722201600,84825604096,3221.901490018354
Proposed,W02,F0,rep-15,2.5590846805332594,1.0,0.9966435185185186,124,3650722201600,84825604096,3223.5267139112693
Proposed,W02,F0,rep-16,2.5590846805332594,1.0,0.9966435185185186,124,3650722201600,84825604096,3255.6291009823326
Proposed,W02,F0,rep-17,2.5590846805332594,1.0,0.9966435185185186,124,3650722201600,84825604096,3229.546008151374
Proposed,W02,F0,rep-18,2.5590846805332594,1.0,0.9966435185185186,124,3650722201600,84825604096,3232.5041269068606
Proposed,W02,F0,rep-19,2.5590846805332594,1.0,0.9966435185185186,124,3650722201600,84825604096,3238.6140029411763
Proposed,W02,F0,rep-20,2.5590846805332594,1.0,0.9966435185185186,124,3650722201600,84825604096,3237.5131538283313
Proposed,W02,F0,rep-21,2.5590846805332594,1.0,0.9966435185185186,124,3650722201600,84825604096,4356.708559083927
Proposed,W02,F0,rep-22,2.5590846805332594,1.0,0.9966435185185186,124,3650722201600,84825604096,3219.37774107937
Proposed,W02,F0,rep-23,2.5590846805332594,1.0,0.9966435185185186,124,3650722201600,84825604096,3234.576665869099
Proposed,W02,F0,rep-24,2.5590846805332594,1.0,0.9966435185185186,124,3650722201600,84825604096,3245.557030037162
Proposed,W02,F0,rep-25,2.5590846805332594,1.0,0.9966435185185186,124,3650722201600,84825604096,3215.9425007921527
Proposed,W02,F0,rep-26,2.5590846805332594,1.0,0.9966435185185186,124,3650722201600,84825604096,3218.168944964418
Proposed,W02,F0,rep-27,2.5590846805332594,1.0,0.9966435185185186,124,3650722201600,84825604096,4395.738372084452
Proposed,W02,F0,rep-28,2.5590846805332594,1.0,0.9966435185185186,124,3650722201600,84825604096,3232.8402899292996
Proposed,W02,F0,rep-29,2.5590846805332594,1.0,0.9966435185185186,124,3650722201600,84825604096,3226.7224410679773
Proposed,W02,F0,rep-30,2.5590846805332594,1.0,0.9966435185185186,124,3650722201600,84825604096,3224.975320736121
Proposed,W02,F1,rep-01,2.548651869902902,0.9791666666666666,0.9839120370370372,124,3565896597504,84825604096,3231.1887079195003
Proposed,W02,F1,rep-02,2.555048629705456,0.9791666666666666,0.9839120370370371,124,3568044081152,84825604096,3225.1353369210847
Proposed,W02,F1,rep-03,2.5598297010568487,1.0,0.9966435185185186,124,3592740143104,84825604096,3233.5972219807445
Proposed,W02,F1,rep-04,2.5651006808237544,0.9791666666666666,0.9561342592592591,124,3583076466688,84825604096,3243.9922508929158
Proposed,W02,F1,rep-05,2.5590846805332594,1.0,0.9966435185185186,124,3650722201600,84825604096,3226.9432219400187
Proposed,W02,F1,rep-06,2.5590846805332594,1.0,0.9966435185185186,124,3650722201600,84825604096,3234.650245991361
Proposed,W02,F1,rep-07,2.5641868579948177,0.9791666666666666,0.9792824074074074,124,3584150208512,84825604096,3242.4945049497182
Proposed,W02,F1,rep-08,2.5651006808237544,0.9791666666666666,0.9561342592592591,124,3583076466688,84825604096,3221.026868894114
Proposed,W02,F1,rep-09,2.5590846805332594,1.0,0.9966435185185186,124,3650722201600,84825604096,3193.9126310826396
Proposed,W02,F1,rep-10,2.5651006808237544,0.9791666666666666,0.9561342592592591,124,3583076466688,84825604096,4494.482430862263
Proposed,W02,F1,rep-11,2.555048629705456,0.9791666666666666,0.9839120370370371,124,3568044081152,84825604096,3220.618651866971
Proposed,W02,F1,rep-12,2.5590846805332594,1.0,0.9966435185185186,124,3650722201600,84825604096,3233.5261468979297
Proposed,W02,F1,rep-13,2.5590846805332594,1.0,0.9966435185185186,124,3650722201600,84825604096,3234.696039209666
Proposed,W02,F1,rep-14,2.5340307046399233,0.995,0.990470679012346,124,3557306662912,84825604096,3225.0979119780823
Proposed,W02,F1,rep-15,2.5651006808237544,0.9791666666666666,0.9561342592592591,124,3583076466688,84825604096,3227.522724933806
Proposed,W02,F1,rep-16,2.5641868579948177,0.9791666666666666,0.9792824074074074,124,3584150208512,84825604096,3217.1854690022883
Proposed,W02,F1,rep-17,2.5590846805332594,1.0,0.9966435185185186,124,3650722201600,84825604096,3217.163727087609
Proposed,W02,F1,rep-18,2.5590846805332594,1.0,0.9966435185185186,124,3650722201600,84825604096,3213.806996929634
Proposed,W02,F1,rep-19,2.5590846805332594,1.0,0.9966435185185186,124,3650722201600,84825604096,3201.9585058878874
Proposed,W02,F1,rep-20,2.5641868579948177,0.9791666666666666,0.9792824074074074,124,3584150208512,84825604096,3225.1359710498946
Proposed,W02,F1,rep-21,2.5590846805332594,1.0,0.9966435185185186,124,3650722201600,84825604096,3228.6799520952627
Proposed,W02,F1,rep-22,2.5590846805332594,1.0,0.9966435185185186,124,3650722201600,84825604096,3215.568517858628
Proposed,W02,F1,rep-23,2.5641868579948177,0.9791666666666666,0.9792824074074074,124,3584150208512,84825604096,4628.078672976699
Proposed,W02,F1,rep-24,2.5641868579948177,0.9791666666666666,0.9792824074074074,124,3584150208512,84825604096,3207.539702008944
Proposed,W02,F1,rep-25,2.555048629705456,0.9791666666666666,0.9839120370370371,124,3568044081152,84825604096,4627.391096968495
Proposed,W02,F1,rep-26,2.548651869902902,0.9791666666666666,0.9839120370370372,124,3565896597504,84825604096,4620.806127953983
Proposed,W02,F1,rep-27,2.5590846805332594,1.0,0.9966435185185186,124,3650722201600,84825604096,3229.3258179633995
Proposed,W02,F1,rep-28,2.547290824196702,1.0,0.9966435185185186,124,3583076466688,84825604096,3207.1407970870496
Proposed,W02,F1,rep-29,2.5590846805332594,1.0,0.9966435185185186,124,3650722201600,84825604096,3202.805513115891
Proposed,W02,F1,rep-30,2.547290824196702,1.0,0.9966435185185186,124,3583076466688,84825604096,3218.676045013126
Proposed,W02,F2,rep-01,2.5618129650989796,0.9691666666666666,0.970601851851852,124,3541200535552,84825604096,3216.781723058375
Proposed,W02,F2,rep-02,2.5376812405896927,0.9683333333333334,0.9775462962962966,124,3492882153472,84825604096,3213.9488529064693
Proposed,W02,F2,rep-03,2.57069686262299,0.9683333333333334,0.9358796296296299,124,3547642986496,84825604096,3224.499526004365
Proposed,W02,F2,rep-04,2.570839393164572,0.9691666666666666,0.970601851851852,124,3533684342784,84825604096,3209.2874691661564
Proposed,W02,F2,rep-05,2.557541948027513,0.9691666666666666,0.970601851851852,124,3533684342784,84825604096,4692.001072056883
Proposed,W02,F2,rep-06,2.57069686262299,0.9683333333333334,0.9358796296296299,124,3547642986496,84825604096,3211.782064034196
Proposed,W02,F2,rep-07,2.564793454060116,0.9691666666666666,0.970601851851852,124,3549790470144,84825604096,3216.159903902735
Proposed,W02,F2,rep-08,2.544582994979235,0.9691666666666666,0.9775462962962966,124,3505767055360,84825604096,3213.042996088916
Proposed,W02,F2,rep-09,2.5392792877383092,0.9683333333333334,0.9775462962962966,124,3517578215424,84825604096,3205.3779871057486
Proposed,W02,F2,rep-10,2.52579682951288,0.9683333333333334,0.9775462962962966,124,3491808411648,84825604096,4710.965637110348
Proposed,W02,F2,rep-11,2.5677239825654428,0.9683333333333334,0.9358796296296299,124,3539053051904,84825604096,3345.706208012416
Proposed,W02,F2,rep-12,2.5618129650989796,0.9691666666666666,0.970601851851852,124,3541200535552,84825604096,3219.769185925543
Proposed,W02,F2,rep-13,2.5601771951435195,0.9691666666666666,0.9775462962962966,124,3531536859136,84825604096,3234.723720161128
Proposed,W02,F2,rep-14,2.56345438050726,0.9683333333333334,0.9358796296296299,124,3531536859136,84825604096,3207.476100913482
Proposed,W02,F2,rep-15,2.5677239825654428,0.9683333333333334,0.9358796296296299,124,3539053051904,84825604096,3215.78835008404
Proposed,W02,F2,rep-16,2.56345438050726,0.9683333333333334,0.9358796296296299,124,3531536859136,84825604096,3195.767008102848
Proposed,W02,F2,rep-17,2.5392792877383092,0.9683333333333334,0.9775462962962966,124,3517578215424,84825604096,3212.264322064584
Proposed,W02,F2,rep-18,2.5481613329730872,0.9683333333333334,0.9775462962962966,124,3510062022656,84825604096,3212.343428946042
Proposed,W02,F2,rep-19,2.56345438050726,0.9683333333333334,0.9358796296296299,124,3531536859136,84825604096,3196.8883781373734
Proposed,W02,F2,rep-20,2.5392792877383092,0.9683333333333334,0.9775462962962966,124,3517578215424,84825604096,3199.389519097167
Proposed,W02,F2,rep-21,2.56345438050726,0.9683333333333334,0.9358796296296299,124,3531536859136,84825604096,3214.728503204242
Proposed,W02,F2,rep-22,2.5516397006166347,0.9691666666666666,0.9775462962962966,124,3516504473600,84825604096,3215.183298882039
Proposed,W02,F2,rep-23,2.5258498145523065,0.9691666666666666,0.9775462962962966,124,3471407316992,84825604096,3215.2932979442994
Proposed,W02,F2,rep-24,2.5474687181330307,0.9691666666666666,0.970601851851852,124,3514356989952,84825604096,3206.1289599441807
Proposed,W02,F2,rep-25,2.57069686262299,0.9683333333333334,0.9358796296296299,124,3547642986496,84825604096,3210.4655021612416
Proposed,W02,F2,rep-26,2.5738223134116915,0.9691666666666666,0.970601851851852,124,3542274277376,84825604096,3191.7552970699035
Proposed,W02,F2,rep-27,2.5516397006166347,0.9691666666666666,0.9775462962962966,124,3516504473600,84825604096,3199.3508290106547
Proposed,W02,F2,rep-28,2.56345438050726,0.9683333333333334,0.9358796296296299,124,3531536859136,84825604096,3215.920375077985
Proposed,W02,F2,rep-29,2.5451313139565612,0.9683333333333334,0.9775462962962966,124,3501472088064,84825604096,3217.783757856523
Proposed,W02,F2,rep-30,2.544582994979235,0.9691666666666666,0.9775462962962966,124,3505767055360,84825604096,3213.9044938230654
Proposed,W02,F3,rep-01,2.5590846805332594,1.0,0.9966435185185186,124,3650722201600,84825604096,3212.2206710118917
Proposed,W02,F3,rep-02,2.5590846805332594,1.0,0.9966435185185186,124,3650722201600,84825604096,3202.5493350520264
Proposed,W02,F3,rep-03,2.5590846805332594,1.0,0.9966435185185186,124,3650722201600,84825604096,3507.0535749255214
Proposed,W02,F3,rep-04,2.5590846805332594,1.0,0.9966435185185186,124,3650722201600,84825604096,3223.2472168907407
Proposed,W02,F3,rep-05,2.5590846805332594,1.0,0.9966435185185186,124,3650722201600,84825604096,3227.9211590866907
Proposed,W02,F3,rep-06,2.5590846805332594,1.0,0.9966435185185186,124,3650722201600,84825604096,3217.7882870091707
Proposed,W02,F3,rep-07,2.5590846805332594,1.0,0.9966435185185186,124,3650722201600,84825604096,3213.9811957458733
Proposed,W02,F3,rep-08,2.5590846805332594,1.0,0.9966435185185186,124,3650722201600,84825604096,3223.7149790744297
Proposed,W02,F3,rep-09,2.5590846805332594,1.0,0.9966435185185186,124,3650722201600,84825604096,3208.1875140429474
Proposed,W02,F3,rep-10,2.5590846805332594,1.0,0.9966435185185186,124,3650722201600,84825604096,3208.2791817956604
Proposed,W02,F3,rep-11,2.5590846805332594,1.0,0.9966435185185186,124,3650722201600,84825604096,3208.807944873115
Proposed,W02,F3,rep-12,2.5590846805332594,1.0,0.9966435185185186,124,3650722201600,84825604096,3199.1627951792907
Proposed,W02,F3,rep-13,2.5590846805332594,1.0,0.9966435185185186,124,3650722201600,84825604096,3228.8976208510576
Proposed,W02,F3,rep-14,2.5590846805332594,1.0,0.9966435185185186,124,3650722201600,84825604096,3211.5727873315336
Proposed,W02,F3,rep-15,2.5590846805332594,1.0,0.9966435185185186,124,3650722201600,84825604096,3208.2614930259297
Proposed,W02,F3,rep-16,2.5590846805332594,1.0,0.9966435185185186,124,3650722201600,84825604096,3206.166482093977
Proposed,W02,F3,rep-17,2.5590846805332594,1.0,0.9966435185185186,124,3650722201600,84825604096,3220.0297491945093
Proposed,W02,F3,rep-18,2.5590846805332594,1.0,0.9966435185185186,124,3650722201600,84825604096,3202.6604089915054
Proposed,W02,F3,rep-19,2.5590846805332594,1.0,0.9966435185185186,124,3650722201600,84825604096,3208.447703451384
Proposed,W02,F3,rep-20,2.5590846805332594,1.0,0.9966435185185186,124,3650722201600,84825604096,3248.5650791059015
Proposed,W02,F3,rep-21,2.5590846805332594,1.0,0.9966435185185186,124,3650722201600,84825604096,3198.456162106595
Proposed,W02,F3,rep-22,2.5590846805332594,1.0,0.9966435185185186,124,3650722201600,84825604096,3206.09082095325
Proposed,W02,F3,rep-23,2.5590846805332594,1.0,0.9966435185185186,124,3650722201600,84825604096,3209.7777309681987
Proposed,W02,F3,rep-24,2.5590846805332594,1.0,0.9966435185185186,124,3650722201600,84825604096,3208.7436532892752
Proposed,W02,F3,rep-25,2.5590846805332594,1.0,0.9966435185185186,124,3650722201600,84825604096,3204.2640567815397
Proposed,W02,F3,rep-26,2.5590846805332594,1.0,0.9966435185185186,124,3650722201600,84825604096,3207.8237389505375
Proposed,W02,F3,rep-27,2.5590846805332594,1.0,0.9966435185185186,124,3650722201600,84825604096,3197.3633707821136
Proposed,W02,F3,rep-28,2.5590846805332594,1.0,0.9966435185185186,124,3650722201600,84825604096,3226.188546293997
Proposed,W02,F3,rep-29,2.5590846805332594,1.0,0.9966435185185186,124,3650722201600,84825604096,3213.4319662000053
Proposed,W02,F3,rep-30,2.5590846805332594,1.0,0.9966435185185186,124,3650722201600,84825604096,3200.0687458057655
Proposed,W02,F4,rep-01,2.5590846805332594,1.0,0.9966435185185186,124,3650722201600,84825604096,3491.705001637456
Proposed,W02,F4,rep-02,2.495978801403444,1.0,0.9966435185185186,124,3425236418560,84825604096,3207.631014782237
Proposed,W02,F4,rep-03,2.5590846805332594,1.0,0.9966435185185186,124,3650722201600,84825604096,3204.4149820139864
Proposed,W02,F4,rep-04,2.5590846805332594,1.0,0.9966435185185186,124,3650722201600,84825604096,3194.7465229895897
Proposed,W02,F4,rep-05,2.5590846805332594,1.0,0.9966435185185186,124,3650722201600,84825604096,5651.3928282947745
Proposed,W02,F4,rep-06,2.5590846805332594,1.0,0.9966435185185186,124,3650722201600,84825604096,3215.0047632312635
Proposed,W02,F4,rep-07,2.486560013473619,1.0,0.9966435185185186,124,3414499000320,84825604096,3225.835502773407
Proposed,W02,F4,rep-08,2.5590846805332594,1.0,0.9966435185185186,124,3650722201600,84825604096,3242.437869150308
Proposed,W02,F4,rep-09,2.5590846805332594,1.0,0.9966435185185186,124,3650722201600,84825604096,3241.230736122816
Proposed,W02,F4,rep-10,2.5865247493688197,0.9375,0.8751157407407409,124,3446711255040,84825604096,3232.753806791152
Proposed,W02,F4,rep-11,2.5190900265906877,0.9366666666666666,0.9584490740740742,124,3389802938368,84825604096,3221.2015803379472
Proposed,W02,F4,rep-12,2.528944559157827,1.0,0.9966435185185186,124,3462817382400,84825604096,3239.073053598986
Proposed,W02,F4,rep-13,2.5760173804483726,1.0,0.9966435185185186,124,3452079964160,84825604096,3225.737043932895
Proposed,W02,F4,rep-14,2.5590846805332594,1.0,0.9966435185185186,124,3650722201600,84825604096,3218.9823038934264
Proposed,W02,F4,rep-15,2.5590846805332594,1.0,0.9966435185185186,124,3650722201600,84825604096,3224.9197921773884
Proposed,W02,F4,rep-16,2.557891634062155,0.9375,0.9584490740740742,124,3398392872960,84825604096,3219.9074912059586
Proposed,W02,F4,rep-17,2.5590846805332594,1.0,0.9966435185185186,124,3650722201600,84825604096,3245.9803058882244
Proposed,W02,F4,rep-18,2.5590846805332594,1.0,0.9966435185185186,124,3650722201600,84825604096,3221.4795229956508
Proposed,W02,F4,rep-19,2.5586010130449885,1.0,0.9966435185185186,124,3419867709440,84825604096,3242.937820206862
Proposed,W02,F4,rep-20,2.5079337377218183,1.0,0.9966435185185186,124,3411277774848,84825604096,3230.0917259271955
Proposed,W02,F4,rep-21,2.5674360058310484,0.9375,0.9445601851851853,124,3446711255040,84825604096,3214.1047534532845
Proposed,W02,F4,rep-22,2.557891634062155,0.9375,0.9584490740740742,124,3398392872960,84825604096,3263.252831675345
Proposed,W02,F4,rep-23,2.5590846805332594,1.0,0.9966435185185186,124,3650722201600,84825604096,3248.478837660514
Proposed,W02,F4,rep-24,2.5190900265906877,0.9366666666666666,0.9584490740740742,124,3389802938368,84825604096,3233.35200099973
Proposed,W02,F4,rep-25,2.557891634062155,0.9375,0.9584490740740742,124,3398392872960,84825604096,3255.044148740126
Proposed,W02,F4,rep-26,2.5674360058310484,0.9375,0.9445601851851853,124,3446711255040,84825604096,3251.047068988555
Proposed,W02,F4,rep-27,2.5190900265906877,0.9366666666666666,0.9584490740740742,124,3389802938368,84825604096,3226.3175069965655
Proposed,W02,F4,rep-28,2.5760173804483726,1.0,0.9966435185185186,124,3452079964160,84825604096,3261.65583205875
Proposed,W02,F4,rep-29,2.5560756695220617,1.0,0.9966435185185186,124,3468186091520,84825604096,3239.1075280465884
Proposed,W02,F4,rep-30,2.527245118965834,1.0,0.9966435185185186,124,3395171647488,84825604096,3260.0615382107208
Proposed,W03,F0,rep-01,2.9885814101333668,1.0,0.9497569444444447,136,4101693767680,112742891520,3348.6264927196316
Proposed,W03,F0,rep-02,2.9885814101333668,1.0,0.9497569444444447,136,4101693767680,112742891520,3342.623862918117
Proposed,W03,F0,rep-03,2.9885814101333668,1.0,0.9497569444444447,136,4101693767680,112742891520,3362.610036856495
Proposed,W03,F0,rep-04,2.9885814101333668,1.0,0.9497569444444447,136,4101693767680,112742891520,3336.947715084534
Proposed,W03,F0,rep-05,2.9885814101333668,1.0,0.9497569444444447,136,4101693767680,112742891520,3344.2999340913957
Proposed,W03,F0,rep-06,2.9885814101333668,1.0,0.9497569444444447,136,4101693767680,112742891520,3680.4557517607464
Proposed,W03,F0,rep-07,2.9885814101333668,1.0,0.9497569444444447,136,4101693767680,112742891520,3344.3163381016348
Proposed,W03,F0,rep-08,2.9885814101333668,1.0,0.9497569444444447,136,4101693767680,112742891520,3340.432085460634
Proposed,W03,F0,rep-09,2.9885814101333668,1.0,0.9497569444444447,136,4101693767680,112742891520,3340.237024865928
Proposed,W03,F0,rep-10,2.9885814101333668,1.0,0.9497569444444447,136,4101693767680,112742891520,3365.1860322861467
Proposed,W03,F0,rep-11,2.9885814101333668,1.0,0.9497569444444447,136,4101693767680,112742891520,3335.3353588609025
Proposed,W03,F0,rep-12,2.9885814101333668,1.0,0.9497569444444447,136,4101693767680,112742891520,3367.246419089497
Proposed,W03,F0,rep-13,2.9885814101333668,1.0,0.9497569444444447,136,4101693767680,112742891520,3342.6041519414866
Proposed,W03,F0,rep-14,2.9885814101333668,1.0,0.9497569444444447,136,4101693767680,112742891520,3360.05458352156
Proposed,W03,F0,rep-15,2.9885814101333668,1.0,0.9497569444444447,136,4101693767680,112742891520,3359.7958388127154
Proposed,W03,F0,rep-16,2.9885814101333668,1.0,0.9497569444444447,136,4101693767680,112742891520,3333.967250015121
Proposed,W03,F0,rep-17,2.9885814101333668,1.0,0.9497569444444447,136,4101693767680,112742891520,3329.2582480062265
Proposed,W03,F0,rep-18,2.9885814101333668,1.0,0.9497569444444447,136,4101693767680,112742891520,3352.645816572476
Proposed,W03,F0,rep-19,2.9885814101333668,1.0,0.9497569444444447,136,4101693767680,112742891520,3352.4929709819844
Proposed,W03,F0,rep-20,2.9885814101333668,1.0,0.9497569444444447,136,4101693767680,112742891520,3369.941745142569
Proposed,W03,F0,rep-21,2.9885814101333668,1.0,0.9497569444444447,136,4101693767680,112742891520,3352.1506441611564
Proposed,W03,F0,rep-22,2.9885814101333668,1.0,0.9497569444444447,136,4101693767680,112742891520,3371.312771079829
Proposed,W03,F0,rep-23,2.9885814101333668,1.0,0.9497569444444447,136,4101693767680,112742891520,3353.5078638378764
Proposed,W03,F0,rep-24,2.9885814101333668,1.0,0.9497569444444447,136,4101693767680,112742891520,3342.183333443245
Proposed,W03,F0,rep-25,2.9885814101333668,1.0,0.9497569444444447,136,4101693767680,112742891520,3369.4716589234304
Proposed,W03,F0,rep-26,2.9885814101333668,1.0,0.9497569444444447,136,4101693767680,112742891520,3347.576104060863
Proposed,W03,F0,rep-27,2.9885814101333668,1.0,0.9497569444444447,136,4101693767680,112742891520,3350.1000996184302
Proposed,W03,F0,rep-28,2.9885814101333668,1.0,0.9497569444444447,136,4101693767680,112742891520,3367.973404136137
Proposed,W03,F0,rep-29,2.9885814101333668,1.0,0.9497569444444447,136,4101693767680,112742891520,3345.6221486703726
Proposed,W03,F0,rep-30,2.9885814101333668,1.0,0.9497569444444447,136,4101693767680,112742891520,3332.6576232066145
Proposed,W03,F1,rep-01,2.9872868277923734,0.9791666666666666,0.937604166666667,136,4016868163584,112742891520,3356.497214132105
Proposed,W03,F1,rep-02,2.9936835875949273,0.9791666666666666,0.9376041666666667,136,4019015647232,112742891520,9254.16574026167
Proposed,W03,F1,rep-03,2.9977193149227186,1.0,0.9445486111111115,136,4043711709184,112742891520,3337.2879726666724
Proposed,W03,F1,rep-04,3.0037356387132257,0.9791666666666666,0.9141666666666667,136,4034048032768,112742891520,3330.091980024008
Proposed,W03,F1,rep-05,2.9885814101333668,1.0,0.9497569444444447,136,4101693767680,112742891520,3339.8836136911996
Proposed,W03,F1,rep-06,2.9885814101333668,1.0,0.9497569444444447,136,4101693767680,112742891520,3333.9964702608995
Proposed,W03,F1,rep-07,3.002821815884289,0.9791666666666666,0.9341319444444447,136,4035121774592,112742891520,3329.8389160627266
Proposed,W03,F1,rep-08,3.0037356387132257,0.9791666666666666,0.9141666666666667,136,4034048032768,112742891520,3342.9722739529097
Proposed,W03,F1,rep-09,2.9885814101333668,1.0,0.9497569444444447,136,4101693767680,112742891520,11230.83157997462
Proposed,W03,F1,rep-10,3.0037356387132257,0.9791666666666666,0.9141666666666667,136,4034048032768,112742891520,3342.8732851025416
Proposed,W03,F1,rep-11,2.9936835875949273,0.9791666666666666,0.9376041666666667,136,4019015647232,112742891520,3336.571047824691
Proposed,W03,F1,rep-12,2.9885814101333668,1.0,0.9497569444444447,136,4101693767680,112742891520,3336.604058087687
Proposed,W03,F1,rep-13,2.9885814101333668,1.0,0.9497569444444447,136,4101693767680,112742891520,3349.3366350012366
Proposed,W03,F1,rep-14,2.9726656625293946,0.995,0.9407870370370373,136,4008278228992,112742891520,3337.4255505332258
Proposed,W03,F1,rep-15,3.0037356387132257,0.9791666666666666,0.9141666666666667,136,4034048032768,112742891520,3352.0743159315316
Proposed,W03,F1,rep-16,3.002821815884289,0.9791666666666666,0.9341319444444447,136,4035121774592,112742891520,3356.676415496622
Proposed,W03,F1,rep-17,2.9885814101333668,1.0,0.9497569444444447,136,4101693767680,112742891520,3337.8073382773437
Proposed,W03,F1,rep-18,2.9885814101333668,1.0,0.9497569444444447,136,4101693767680,112742891520,3373.118873205385
Proposed,W03,F1,rep-19,2.9885814101333668,1.0,0.9497569444444447,136,4101693767680,112742891520,3341.3658030622173
Proposed,W03,F1,rep-20,3.002821815884289,0.9791666666666666,0.9341319444444447,136,4035121774592,112742891520,3315.233292989433
Proposed,W03,F1,rep-21,2.9885814101333668,1.0,0.9497569444444447,136,4101693767680,112742891520,3351.7633049341384
Proposed,W03,F1,rep-22,2.9885814101333668,1.0,0.9497569444444447,136,4101693767680,112742891520,3352.0967399235815
Proposed,W03,F1,rep-23,3.002821815884289,0.9791666666666666,0.9341319444444447,136,4035121774592,112742891520,11276.780710089952
Proposed,W03,F1,rep-24,3.002821815884289,0.9791666666666666,0.9341319444444447,136,4035121774592,112742891520,3332.7417858381523
Proposed,W03,F1,rep-25,2.9936835875949273,0.9791666666666666,0.9376041666666667,136,4019015647232,112742891520,3329.525746710715
Proposed,W03,F1,rep-26,2.9872868277923734,0.9791666666666666,0.937604166666667,136,4016868163584,112742891520,3318.864359316649
Proposed,W03,F1,rep-27,2.9885814101333668,1.0,0.9497569444444447,136,4101693767680,112742891520,3338.720744184684
Proposed,W03,F1,rep-28,2.9844376227718747,1.0,0.9428125000000002,136,4034048032768,112742891520,3312.4699542095186
Proposed,W03,F1,rep-29,2.9885814101333668,1.0,0.9497569444444447,136,4101693767680,112742891520,5158.910420912434
Proposed,W03,F1,rep-30,2.9844376227718747,1.0,0.9445486111111112,136,4034048032768,112742891520,3318.8662376487628
Proposed,W03,F2,rep-01,3.013995227691232,0.93,0.9107986111111114,136,3860101857280,112742891520,3402.752958209021
Proposed,W03,F2,rep-02,2.9551488512900166,0.95,0.9239930555555557,136,3865470566400,112742891520,3358.049741043942
Proposed,W03,F2,rep-03,2.9914037817677954,0.9616666666666667,0.8840711805555559,136,3956738621440,112742891520,3349.39869196387
Proposed,W03,F2,rep-04,2.868933215609108,0.9566666666666667,0.9200607638888892,136,3928821334016,112742891520,3338.6812256940175
Proposed,W03,F2,rep-05,2.991745029403726,0.95,0.9173697916666671,136,3904125272064,112742891520,3339.78277593269
Proposed,W03,F2,rep-06,3.0017677132351173,0.95,0.8814670138888893,136,3926673850368,112742891520,3338.7910669553094
Proposed,W03,F2,rep-07,2.9980001980631896,0.95,0.9186805555555558,136,3920231399424,112742891520,3335.889464535285
Proposed,W03,F2,rep-08,2.97156172620982,0.9558333333333333,0.9238107638888892,136,3897682821120,112742891520,3333.857498684665
Proposed,W03,F2,rep-09,2.8823461866574056,0.9558333333333333,0.9251909722222226,136,3905199013888,112742891520,3307.2016513033304
Proposed,W03,F2,rep-10,2.8749792098114915,0.9491666666666667,0.923793402777778,136,3862249340928,112742891520,3375.4097214259673
Proposed,W03,F2,rep-11,2.9950263639720585,0.955,0.8827690972222225,136,3930968817664,112742891520,3338.268465420697
Proposed,W03,F2,rep-12,2.9905350888524347,0.9558333333333333,0.9211631944444446,136,3926673850368,112742891520,3335.72409718181
Proposed,W03,F2,rep-13,2.9804470023757887,0.9625,0.9276649305555558,136,3940632494080,112742891520,3306.9559348514304
Proposed,W03,F2,rep-14,2.9340183057902363,0.9558333333333333,0.8827690972222225,136,3925600108544,112742891520,3309.893446479691
Proposed,W03,F2,rep-15,2.882396102713309,0.955,0.8827690972222225,136,3930968817664,112742891520,3308.1837728386745
Proposed,W03,F2,rep-16,2.9948742283224403,0.9433333333333334,0.8801649305555559,136,3885871661056,112742891520,3312.33091847389
Proposed,W03,F2,rep-17,2.8823461866574056,0.9558333333333333,0.9238888888888893,136,3905199013888,112742891520,3326.654399279505
Proposed,W03,F2,rep-18,2.96092442375761,0.9625,0.9278211805555557,136,3922378883072,112742891520,3701.9406229374
Proposed,W03,F2,rep-19,2.9395572822535465,0.9491666666666667,0.8814670138888893,136,3908420239360,112742891520,3328.516648733057
Proposed,W03,F2,rep-20,2.88354694784455,0.9433333333333334,0.9202083333333336,136,3865470566400,112742891520,3327.2834586387035
Proposed,W03,F2,rep-21,2.9844803128889206,0.9625,0.8840711805555559,136,3942779977728,112742891520,3302.33641481027
Proposed,W03,F2,rep-22,2.9761219827638596,0.9508333333333333,0.922604166666667,136,3888019144704,112742891520,3314.9125102499966
Proposed,W03,F2,rep-23,2.9578008111786978,0.9441666666666667,0.9213454861111114,136,3825742118912,112742891520,3325.3362873510923
Proposed,W03,F2,rep-24,2.9709969425809044,0.9633333333333334,0.9226128472222225,136,3919157657600,112742891520,3301.4869169855956
Proposed,W03,F2,rep-25,2.9914037817677954,0.9616666666666667,0.8840711805555559,136,3956738621440,112742891520,3297.058664902579
Proposed,W03,F2,rep-26,2.8714175955401022,0.9566666666666667,0.9199565972222224,136,3937411268608,112742891520,3314.774933474837
Proposed,W03,F2,rep-27,2.9768953795292368,0.9575,0.9252690972222225,136,3912715206656,112742891520,3299.8471860482823
Proposed,W03,F2,rep-28,2.9837633378461867,0.9558333333333333,0.8827690972222225,136,3918083915776,112742891520,3302.0853246562183
Proposed,W03,F2,rep-29,2.957713286372087,0.9558333333333333,0.9264756944444447,136,3889092886528,112742891520,13074.416628252948
Proposed,W03,F2,rep-30,2.9073480627155606,0.9575,0.9252690972222225,136,3894461595648,112742891520,3306.451712618582
Proposed,W03,F3,rep-01,2.9885814101333668,1.0,0.9497569444444447,136,4101693767680,112742891520,13073.421201552264
Proposed,W03,F3,rep-02,2.9885814101333668,1.0,0.9497569444444447,136,4101693767680,112742891520,3271.627838490531
Proposed,W03,F3,rep-03,2.9885814101333668,1.0,0.9497569444444447,136,4101693767680,112742891520,13584.324582043337
Proposed,W03,F3,rep-04,2.9885814101333668,1.0,0.9497569444444447,136,4101693767680,112742891520,3300.36194078275
Proposed,W03,F3,rep-05,2.9885814101333668,1.0,0.9497569444444447,136,4101693767680,112742891520,13706.851202674443
Proposed,W03,F3,rep-06,2.9885814101333668,1.0,0.9497569444444447,136,4101693767680,112742891520,3294.095479155658
Proposed,W03,F3,rep-07,2.9885814101333668,1.0,0.9497569444444447,136,4101693767680,112742891520,3288.654234231217
Proposed,W03,F3,rep-08,2.9885814101333668,1.0,0.9497569444444447,136,4101693767680,112742891520,3266.4171844371594
Proposed,W03,F3,rep-09,2.9885814101333668,1.0,0.9497569444444447,136,4101693767680,112742891520,9077.71064361441
Proposed,W03,F3,rep-10,2.9885814101333668,1.0,0.9497569444444447,136,4101693767680,112742891520,3286.4321364322677
Proposed,W03,F3,rep-11,2.9885814101333668,1.0,0.9497569444444447,136,4101693767680,112742891520,3336.210213776212
Proposed,W03,F3,rep-12,2.9885814101333668,1.0,0.9497569444444447,136,4101693767680,112742891520,3315.7223014859483
Proposed,W03,F3,rep-13,2.9885814101333668,1.0,0.9497569444444447,136,4101693767680,112742891520,3321.1942883499432
Proposed,W03,F3,rep-14,2.9885814101333668,1.0,0.9497569444444447,136,4101693767680,112742891520,3385.5393920093775
Proposed,W03,F3,rep-15,2.9885814101333668,1.0,0.9497569444444447,136,4101693767680,112742891520,3317.0854734198656
Proposed,W03,F3,rep-16,2.9885814101333668,1.0,0.9497569444444447,136,4101693767680,112742891520,3300.8487082843203
Proposed,W03,F3,rep-17,2.9885814101333668,1.0,0.9497569444444447,136,4101693767680,112742891520,3329.3826419103425
Proposed,W03,F3,rep-18,2.9885814101333668,1.0,0.9497569444444447,136,4101693767680,112742891520,3392.593464755919
Proposed,W03,F3,rep-19,2.9885814101333668,1.0,0.9497569444444447,136,4101693767680,112742891520,3515.8414287725464
Proposed,W03,F3,rep-20,2.9885814101333668,1.0,0.9497569444444447,136,4101693767680,112742891520,3312.8441104781814
Proposed,W03,F3,rep-21,2.9885814101333668,1.0,0.9497569444444447,136,4101693767680,112742891520,3415.9932681941427
Proposed,W03,F3,rep-22,2.9885814101333668,1.0,0.9497569444444447,136,4101693767680,112742891520,3365.765832422767
Proposed,W03,F3,rep-23,2.9885814101333668,1.0,0.9497569444444447,136,4101693767680,112742891520,3426.915487536462
Proposed,W03,F3,rep-24,2.9885814101333668,1.0,0.9497569444444447,136,4101693767680,112742891520,3429.240408935584
Proposed,W03,F3,rep-25,2.9885814101333668,1.0,0.9497569444444447,136,4101693767680,112742891520,3357.6667954330333
Proposed,W03,F3,rep-26,2.9885814101333668,1.0,0.9497569444444447,136,4101693767680,112742891520,3371.4621977705974
Proposed,W03,F3,rep-27,2.9885814101333668,1.0,0.9497569444444447,136,4101693767680,112742891520,3359.9050057819113
Proposed,W03,F3,rep-28,2.9885814101333668,1.0,0.9497569444444447,136,4101693767680,112742891520,3338.8290546427015
Proposed,W03,F3,rep-29,2.9885814101333668,1.0,0.9497569444444447,136,4101693767680,112742891520,3455.886414827546
Proposed,W03,F3,rep-30,2.9885814101333668,1.0,0.9497569444444447,136,4101693767680,112742891520,17708.01786883385
Proposed,W03,F4,rep-01,2.9885814101333668,1.0,0.9497569444444447,136,4101693767680,112742891520,3443.4111904993188
Proposed,W03,F4,rep-02,2.9301221330489216,0.9625,0.9419444444444447,136,3811783475200,112742891520,3442.567865306046
Proposed,W03,F4,rep-03,2.9885814101333668,1.0,0.9497569444444447,136,4101693767680,112742891520,3368.375894991914
Proposed,W03,F4,rep-04,2.9885814101333668,1.0,0.9497569444444447,136,4101693767680,112742891520,281373.2323088334
Proposed,W03,F4,rep-05,2.9885814101333668,1.0,0.9497569444444447,136,4101693767680,112742891520,3443.648656102596
Proposed,W03,F4,rep-06,2.9885814101333668,1.0,0.9497569444444447,136,4101693767680,112742891520,20894.815607956843
Proposed,W03,F4,rep-07,2.9205777612800317,0.9625,0.9419444444444447,136,3801046056960,112742891520,3456.2485870555975
Proposed,W03,F4,rep-08,2.9885814101333668,1.0,0.9497569444444447,136,4101693767680,112742891520,3473.862001497764
Proposed,W03,F4,rep-09,2.9885814101333668,1.0,0.9497569444444447,136,4101693767680,112742891520,3364.148004358867
Proposed,W03,F4,rep-10,2.987388363662251,0.9375,0.8195486111111113,136,3849364439040,112742891520,3354.5937960443553
Proposed,W03,F4,rep-11,2.9203102811103587,0.9366666666666666,0.9132986111111112,136,3776349995008,112742891520,3460.9411178389564
Proposed,W03,F4,rep-12,2.9745550529730003,0.9625,0.9106944444444447,136,3817152184320,112742891520,3351.2964610999916
Proposed,W03,F4,rep-13,2.977193239272759,0.9625,0.9419444444444447,136,3790308638720,112742891520,3454.796519887168
Proposed,W03,F4,rep-14,2.9885814101333668,1.0,0.9497569444444447,136,4101693767680,112742891520,3455.698044534074
Proposed,W03,F4,rep-15,2.9885814101333668,1.0,0.9497569444444447,136,4101693767680,112742891520,3458.144838223234
Proposed,W03,F4,rep-16,2.9587552483555863,0.9375,0.9132986111111112,136,3801046056960,112742891520,3480.9973645897117
Proposed,W03,F4,rep-17,2.9885814101333668,1.0,0.9497569444444447,136,4101693767680,112742891520,3458.2771658024285
Proposed,W03,F4,rep-18,2.9885814101333668,1.0,0.9497569444444447,136,4101693767680,112742891520,3460.3391260898206
Proposed,W03,F4,rep-19,2.9503716785585943,0.9625,0.9419444444444447,136,3790308638720,112742891520,3465.872376022162
Proposed,W03,F4,rep-20,2.903151143526074,0.9625,0.9419444444444447,136,3749506449408,112742891520,3480.094550322974
Proposed,W03,F4,rep-21,2.96829962012448,0.9375,0.9028819444444447,136,3833258311680,112742891520,3377.0371525606606
Proposed,W03,F4,rep-22,2.9587552483555863,0.9375,0.9132986111111112,136,3801046056960,112742891520,3491.7703333194368
Proposed,W03,F4,rep-23,2.9885814101333668,1.0,0.9497569444444447,136,4101693767680,112742891520,3620.6918187381234
Proposed,W03,F4,rep-24,2.9203102811103587,0.9366666666666666,0.9132986111111112,136,3776349995008,112742891520,3490.011386515107
Proposed,W03,F4,rep-25,2.9587552483555863,0.9375,0.9132986111111112,136,3801046056960,112742891520,3488.289220345905
Proposed,W03,F4,rep-26,2.96829962012448,0.9375,0.9028819444444447,136,3833258311680,112742891520,3482.8609778778628
Proposed,W03,F4,rep-27,2.9203102811103587,0.9366666666666666,0.9132986111111112,136,3776349995008,112742891520,3485.896126483567
Proposed,W03,F4,rep-28,2.955165551008885,0.9625,0.9419444444444447,136,3854733148160,112742891520,3479.8928927921224
Proposed,W03,F4,rep-29,2.98866387878344,0.9625,0.9419444444444447,136,3758096384000,112742891520,3478.6757471447345
Proposed,W03,F4,rep-30,2.9073771089176645,0.9625,0.9419444444444447,136,3797824831488,112742891520,3627.003777131904
